Date,viewCount,likeCount,favoriteCount,commentCount,key,title,channel
2020-08-06,12964095.0,5329.0,0.0,453.0,항공 +코로나 -스포츠,[아시아나항공] 여행이 떠났다,아시아나항공 (Asiana Airlines)
2022-01-21,4547263.0,33198.0,0.0,1158.0,항공 +코로나 -스포츠,천만 원짜리 대한항공 일등석인데... 예전 같지 않네요😭 | 코시국 대한항공 퍼스트 클래스 후기,또 떠나는 남자 ddoddunam
2020-02-01,3827795.0,23064.0,0.0,1831.0,항공 +코로나 -스포츠,ENG) ✈️사실은 대성통곡 했던 7년차 대한항공 승무원 마지막 퇴근길✈️ ｜전직 승무원 vlog | haeyoo해유,haeyoo 해유
2020-08-09,290219.0,3214.0,0.0,273.0,항공 +코로나 -스포츠,ENG) 대한항공 일등석 코스모스위트 2.0 탑승기 / Korean Air First Class / 퍼스트클래스,소소soso
2020-05-28,221620.0,1263.0,0.0,291.0,항공 +코로나 -스포츠,&#39;이가 없으면 잇몸으로!&#39;...항공업계 &#39;몸부림&#39; / YTN, YTN
2020-11-22,186177.0,971.0,0.0,525.0,항공 +코로나 -스포츠,"항공사 해고 속출, 기장도 이직 행렬 / KBS",KBS News
2020-04-02,179000.0,1320.0,0.0,700.0,항공 +코로나 -스포츠,세계 최강 항공모함 &#39;시어도어 루스벨트호&#39;에 코로나19 확산..환자 폭발적 증가에 집단감염 우려,엠빅뉴스
2022-01-23,114023.0,277.0,0.0,20.0,항공 +코로나 -스포츠,"[한진家가계도]대한항공! 조양호,조원태,조현아,조현민 직계가족(2022! 코로나 종결! 대한항공 떡상가자!)",JB KING! 족보왕!
2020-08-14,105870.0,1209.0,0.0,572.0,항공 +코로나 -스포츠,6550회. 코로나로 항공업계 힘든데 구조조정될까봐 불안합니다. 그런데 가해자는 미안하단 소리 한 번을 안 하네요.,한문철 TV
2021-01-24,90721.0,688.0,0.0,187.0,항공 +코로나 -스포츠,"🇹🇭01.코로나 음성, 태국으로 출국(feat. 29900원짜리 대한항공 비지니스석)",베지트립 Veggie trip
2022-10-27,68704.0,861.0,0.0,88.0,항공 +코로나 -스포츠,tokyo vlog🛫 무비자 입국 근황🛎 코로나 이후 첫 도쿄여행. 제주항공. 쇼핑도 빼놓을 수 없지🎱 이치란라멘.모토무라.야키니쿠.브런치 맛집,지영월드ZYOUNGWORLD
2020-02-25,65828.0,500.0,0.0,272.0,항공 +코로나 -스포츠,승무원 확진 판정…대한항공 &#39;탑승편·동선&#39; 함구 논란 (2020.02.26/뉴스투데이/MBC),MBCNEWS
2021-11-07,60823.0,1378.0,0.0,28.0,항공 +코로나 -스포츠,"위드 코로나 본격화에 여행, 항공, 엔터 등 리오프닝 관련주 &#39;들썩&#39; / 오늘장 놓쳐선 안 될 당신이 잠든사이 일어난 해외 이슈 / 굿모닝한경글로벌마켓",한국경제TV
2021-01-12,60765.0,5342.0,0.0,369.0,항공 +코로나 -스포츠,"포스트코로나를 준비 할때 I 롯데쇼핑 급등! 항공, 여행, 백화점, 화장품, 엔터, 면세점  중국주 등 종목군 리뷰",이헌상 황금바닥
2021-11-24,56570.0,902.0,0.0,72.0,항공 +코로나 -스포츠,[승무원vlog] 크루가 모자라서 쿠항공에 생기는 일🧐 / 일해라 April💃 / after 코로나 /요즘 비행일상✈️ / 데드헤딩 파티🥁 / 쿠웨이트항공,April
2021-05-26,54106.0,4432.0,0.0,926.0,항공 +코로나 -스포츠,"포스트 코로나 급등중 항공, 여행, 소비, 백화점, 카지노, 면세점, 엔터, 경협주 리뷰와 후속주 공개",이헌상 황금바닥
2019-11-08,51315.0,287.0,0.0,63.0,항공 +코로나 -스포츠,대한항공vs제주항공 승무원 연봉 차이 무엇?!😱퇴사한 누나들이 말해주는 승무원의 모든 것!!(feat. 달콤한크루들)ㅣ인사팀 몰래 술터뷰ㅣ승무원특집 국내편2,캐치TV
2021-03-04,48635.0,3054.0,0.0,244.0,항공 +코로나 -스포츠,"카지노, 유통, 항공, 여행, 화장품 I 파라다이스, 강원랜드, GKL I 포스트 코로나 뻔한 승부, 황금바닥주 투자 비법 등 공개",이헌상 황금바닥
2020-03-19,48605.0,1183.0,0.0,,항공 +코로나 -스포츠,베트남 코로나 확진자 85명 이제는 걷잡을수 없나?베트남 항공은 왜 환불 안해줘?(꽁튜브 미스터조)CONGTUBE2020,CONG TUBE 2020
2021-02-25,46566.0,225.0,0.0,108.0,항공 +코로나 -스포츠,[이슈톡] 코로나로 파산한 98년 된 체코항공 (2021.02.26/뉴스투데이/MBC),MBCNEWS
2020-09-17,43995.0,661.0,0.0,27.0,항공 +코로나 -스포츠,뜨악! 전세계 유일 흑자 항공사 대한항공! 코로나로 여객기 97%가 줄어들었는데 도대체 어떻게?,포셔 PD - 경제 쏙쏙
2020-10-17,42779.0,704.0,0.0,99.0,항공 +코로나 -스포츠,[승무원vlog] 코로나 시대 카타르항공 타고 / 갑분 쿠웨이트 가기 / 집 떠나와 24시간 / 쿠웨이트항공,April
2020-07-31,41807.0,489.0,0.0,61.0,항공 +코로나 -스포츠,8월 파산설 베트남 항공!!! 축배 들던 우리은행 어쩌나??? 코로나 항공산업 악화로 항공사 정부 지원 되나???,굿모닝베트남
2021-12-03,40568.0,451.0,0.0,32.0,항공 +코로나 -스포츠,"[다큐온] ✈️국내 공항과 항공, 여행업계의 새로운 도전의 현장 &quot;코로나를 넘어, 공항의 새로운 도전&quot; (KBS 20211127 방송)",KBS 다큐
2020-06-11,39482.0,171.0,0.0,77.0,항공 +코로나 -스포츠,"대한항공, 어제부터 기내 좌석에 화물 싣고 운송 / YTN", YTN
2021-10-04,38795.0,3607.0,0.0,31.0,항공 +코로나 -스포츠,"야간반상회 공개방송 I 머크 치료제, 헝다, 위드코로나, 항공, 여행, 엔터, 경협, 2차전지, 실적개선 황금바닥주 I 우리들만의 리그 리뷰",이헌상 황금바닥
2021-10-02,36516.0,2967.0,0.0,125.0,항공 +코로나 -스포츠,"코로나경구용치료제개발(머크)다우+1.48%상승,항공여행디즈니산업재상승10년물국채금리하락 빅테크상승,다음주국내주식시장영향은?",TV주식의 강해
2020-05-19,36031.0,239.0,0.0,65.0,항공 +코로나 -스포츠,타이항공 파산 신청...&quot;남의 일 아냐&quot; 떨고 있는 LCC / 머니투데이방송 (뉴스),MTN 머니투데이방송
2021-09-28,34278.0,2218.0,0.0,63.0,항공 +코로나 -스포츠,"2차전지, 경협주, 항공, 여행, 엔터, 카지노 등 위드코로나 I 국내증시 급락 증시 전망과 전략",이헌상 황금바닥
2021-07-09,30780.0,1696.0,0.0,72.0,항공 +코로나 -스포츠,삼성전자 삼성전자우 주가전망 - 코로나 4차 대유행 | 제주항공 주가전망,카이스트 마미손
2021-09-24,30009.0,2393.0,0.0,52.0,항공 +코로나 -스포츠,"항공,여행,크루즈,위드코로나, 남북경협주, 2차전지 등 한국과 미국 관심주 리뷰",이헌상 황금바닥
2021-06-21,27284.0,155.0,0.0,50.0,항공 +코로나 -스포츠,"美, 항공 여행객 또 새 기록...사망자 0명 주도 등장 / YTN", YTN
2021-12-01,26377.0,1690.0,0.0,51.0,항공 +코로나 -스포츠,"반도체,부품,2차전지,위드코로나(백화점,화장품,항공,여행,카지노)게임,엔터,메타버스,자동차 등",이헌상 황금바닥
2021-10-25,26204.0,1385.0,0.0,21.0,항공 +코로나 -스포츠,"장중 공개방송 I 위드 코로나, 항공, 여행, 유통, 소비, K-컨텐츠, 분기 및 연간 실적개선주  I 박스권 증시 진단 I 우리들만의 리그 리뷰",이헌상 황금바닥
2022-08-12,25938.0,260.0,0.0,53.0,항공 +코로나 -스포츠,비엣젯항공 좌석 예매 모든 것을 꼼꼼하게 알려 드립니다!/ 베트남 다낭 나트랑 푸꾸옥 호치민 하노이  달랏 껀터 하이퐁 여행 직항 항공권 예약 사전 좌석  기내식 위탁 수화물,여행도 열심히 (N잡러)
2021-02-25,25765.0,189.0,0.0,30.0,항공 +코로나 -스포츠,"승무원 월급 얼마일까? 통장공개! (퍼듐, 보너스) 대한항공, 아시아나항공 , 제주항공 항공사별 코로나 전, 후 월급차이 🤭",면접의참견
2020-04-02,24168.0,152.0,0.0,33.0,항공 +코로나 -스포츠,"미국, 하루 사망자만 천 명 육박…국내선 항공 운항 중단 검토 / KBS뉴스(News)",KBS News
2017-04-08,21446.0,69.0,0.0,13.0,항공 +코로나 -스포츠,[코로나 슬기로운 집콕 생활] 대한항공 야간 김포공항 착륙 창가좌석 전경 (접근부터 택싱까지),Jieun Yoon
2020-04-14,20489.0,1766.0,0.0,88.0,항공 +코로나 -스포츠,펭-하! 제주항공 친환경 홍보담당 펭수의 응원메시지 ｜ 제주항공 &quot;코로나19&quot; 극복 릴레이 응원메시지 #3,제주항공 JEJUAIR
2022-06-03,19791.0,124.0,0.0,49.0,항공 +코로나 -스포츠,항공규제 완전 해제…국제선 항공권 가격 내릴까? / KBS  2022.06.03.,KBS News
2021-01-02,18807.0,135.0,0.0,59.0,항공 +코로나 -스포츠,"코로나 재확산...항공업계, 새해 하늘길도 &#39;울상&#39; / YTN", YTN
2022-01-14,18684.0,303.0,0.0,54.0,항공 +코로나 -스포츠,"1. M사 스페인, 포르투갈 일주 에티하드 항공 9일 패키지 여행 장단점 리뷰",패키지 미리보기
2021-05-27,17658.0,289.0,0.0,42.0,항공 +코로나 -스포츠,"OOOO이 만든 흑자의 기적, 대한항공의 미래는? | 항공산업, LCC 그리고 UAM | 기업분석리포트",캐치TV
2021-05-07,16501.0,302.0,0.0,43.0,항공 +코로나 -스포츠,승무원 VLOG | 코로나검사 • 에미레이트항공 탑승기 • 인천공항상황,헤더언니 heather sis
2020-02-25,16288.0,92.0,0.0,52.0,항공 +코로나 -스포츠,대한항공 승무원도 확진…이스라엘 · LA 노선 탔었다 / SBS,SBS 뉴스
2021-01-18,16088.0,111.0,0.0,48.0,항공 +코로나 -스포츠,코로나 시국 캐나다🇨🇦(밴쿠버)로 일하러 갑니다 / 대한항공 프레스티지석 사육,지유시간 JeeU
2021-09-28,15884.0,296.0,0.0,3.0,항공 +코로나 -스포츠,"[김종효의 효리부동] 위드 코로나 기대, 항공주가 아니라 호텔신라에 주목하는 이유 / 머니투데이방송 (증시, 증권)",MTN 머니투데이방송
2022-02-15,13888.0,209.0,0.0,40.0,항공 +코로나 -스포츠,"🇦🇺호주 무격리 무사 입국 과정 모두 공유! / ✈️싱가포르 항공 체크인, 기내 후기 / 멜버른 공항 입국 과정 / SD바이오센서 코로나 자가진단키트 음성",여울여울
2021-03-22,12780.0,113.0,0.0,52.0,항공 +코로나 -스포츠,[이 시각 세계] 코로나 확산에도 미국 항공 여행객 또 최대 기록 (2021.03.23/뉴스투데이/MBC),MBCNEWS
2021-01-01,11954.0,70.0,0.0,43.0,항공 +코로나 -스포츠,"코로나 재확산...항공업계, 새해 하늘길도 &#39;울상&#39; / YTN", YTN
2020-03-07,2317.0,24.0,0.0,0.0,항공 +코로나 -스포츠,대한항공 승무원 코로나19 추가 확진 / 연합뉴스TV (YonhapnewsTV),연합뉴스TV
2021-04-20,71.0,0.0,0.0,0.0,항공 +코로나 -스포츠,“국내 항공 여객수 코로나 이전 수준 돌파”,서울경제TV 포커스온
2020-03-13,628.0,7.0,0.0,0.0,항공 +코로나 -스포츠,[코로나19…시장 패닉] 차 생산 1/4 급감…항공업계 고사 직면…‘최악 위기’,서울경제TV 포커스온
2022-01-15,432.0,4.0,0.0,0.0,항공 +코로나 -스포츠,코로나에 잠자는 항공 마일리지…마트에서 쇼핑 활용 / 연합뉴스TV (YonhapnewsTV),연합뉴스TV
2020-10-14,159.0,0.0,0.0,0.0,항공 +코로나 -스포츠,코로나로 취소한 여행·항공·숙박 위약금 50% 감경 / 연합뉴스TV (YonhapnewsTV),연합뉴스TV
2020-11-02,584.0,12.0,0.0,2.0,항공 +코로나 -스포츠,"끝없는 코로나19 &#39; 악몽&#39;...항공업계,  고용불안 고조 / 머니투데이방송 (뉴스)",MTN 머니투데이방송
2021-03-04,431.0,8.0,0.0,0.0,항공 +코로나 -스포츠,[항공읽어주는남자] 코로나19 이후 항공수요는 어떻게 될까요? 제2편입니다!,한국교통연구원
2020-11-26,6578.0,251.0,0.0,15.0,항공 +코로나 -스포츠,코로나19 극복을 위한 관광·항공업계와의 대화｜국무총리 제26차 목요대화 (20.11.26.),KTV국민방송
2020-11-22,186177.0,971.0,0.0,525.0,항공 +코로나 -스포츠,"항공사 해고 속출, 기장도 이직 행렬 / KBS",KBS News
2020-05-15,842.0,17.0,0.0,2.0,항공 +코로나 -스포츠,항공·정유·유통 &#39;코로나발 실적 참사&#39;…2분기는 더 암울,뉴스TVCHOSUN
2021-05-25,1060.0,22.0,0.0,5.0,항공 +코로나 -스포츠,"서북도서에 최초 백신 항공 수송, 코로나19 백신 도서지역 헬기 공수",국방 NEWS
2020-02-17,430.0,5.0,0.0,5.0,항공 +코로나 -스포츠,&#39;코로나19 타격&#39; 항공업계 등 4천2백억 원 지원 (2020.02.17/5MBC뉴스),MBCNEWS
2020-02-17,304.0,1.0,0.0,2.0,항공 +코로나 -스포츠,&quot;코로나19 여파 최소화&quot;…관광·외식·항공 전방위 지원 / KBS뉴스(News),KBS News
2020-07-31,10210.0,61.0,0.0,17.0,항공 +코로나 -스포츠,코로나19·이스타항공 파산 우려까지...군산공항 하늘 &#39;먹구름&#39; / YTN, YTN
2020-11-06,281.0,1.0,0.0,0.0,항공 +코로나 -스포츠,"대한항공, 3분기 흑자…화물매출 1조",서울경제TV 포커스온
2020-04-06,407.0,6.0,0.0,2.0,항공 +코로나 -스포츠,항공업계 코로나19 직격탄…국제선 여객 96% 급감 (2020.04.06/12MBC뉴스),MBCNEWS
2020-08-25,639.0,7.0,0.0,5.0,항공 +코로나 -스포츠,"항공업계, 코로나19 재확산에 &#39;침통&#39;…예약 줄취소에 국제선 재개도 찬물  / 머니투데이방송 (뉴스)",MTN 머니투데이방송
2020-12-13,803.0,4.0,0.0,2.0,항공 +코로나 -스포츠,"항공업계, 코로나 여파에 내년도 국제선 30%만 운항 / 연합뉴스TV (YonhapnewsTV)",연합뉴스TV
2020-02-13,714.0,3.0,0.0,6.0,항공 +코로나 -스포츠,"與, &quot;코로나19 관련, 항공·관광 추가지원&quot; / YTN", YTN
2020-04-23,42.0,1.0,0.0,0.0,항공 +코로나 -스포츠,코로나19에 최대위기 맞은 항공업계 긴급 유동성 지원 / YTN 사이언스,YTN 사이언스 투데이
2021-04-04,237.0,2.0,0.0,0.0,항공 +코로나 -스포츠,&quot;코로나 여파…작년 전 세계 항공여객 65% 감소&quot; / 연합뉴스TV (YonhapnewsTV),연합뉴스TV
2021-07-13,3330.0,16.0,0.0,0.0,항공 +코로나 -스포츠,대한항공(003490)... 포스트 코로나 최대 수혜주_알파 공략주 (20210713),이데일리TV
2020-03-23,1602.0,13.0,0.0,6.0,항공 +코로나 -스포츠,항공·호텔도 ‘코로나 셧다운’…5성 호텔도 닫았다 / KBS뉴스(News),KBS News
2021-08-09,1479.0,17.0,0.0,5.0,항공 +코로나 -스포츠,코로나 딛고 2년만에 T-50 추가 수출...항공산업 살아나나,KNN 뉴스
2020-04-10,4936.0,222.0,0.0,13.0,항공 +코로나 -스포츠,동방신기의 응원 메시지가 도착하였습니다!｜ 제주항공 &quot;코로나19&quot; 극복 릴레이 응원메시지 #2,제주항공 JEJUAIR
2020-09-22,2378.0,11.0,0.0,13.0,항공 +코로나 -스포츠,"[코로나19 Q&amp;A] 대한항공, 인천~오사카 노선 재개 / KBS뉴스(News)",KBS News
2020-06-02,2104.0,111.0,0.0,0.0,항공 +코로나 -스포츠,민생연구소 287회 / #코로나 발 정리해고 항공업계에 부는 해고 칼바람,TBS 시민의방송
2020-05-20,2325.0,14.0,0.0,1.0,항공 +코로나 -스포츠,코로나19 여파…태국 타이항공 결국 법정관리 / KBS뉴스(News),KBS News
2020-06-16,145.0,0.0,0.0,0.0,항공 +코로나 -스포츠,코로나19에도 1~4월 항공운송 수출 4.6% 늘어,서울경제TV 포커스온
2021-03-02,6068.0,,0.0,21.0,항공 +코로나 -스포츠,대한민국공군의 코로나19 백신 첫 항공 수송!,대한민국공군
2020-11-19,221.0,1.0,0.0,0.0,항공 +코로나 -스포츠,"영국항공, 비행기 탑승 전후 세 차례 코로나19 검사 제공 / YTN 사이언스",YTN 사이언스 투데이
2021-02-28,2932.0,53.0,0.0,4.0,항공 +코로나 -스포츠,"320km의 여정, 코로나19 백신 울릉도로 항공 수송 임무 완수! | 대한민국 국방부",국방부 - ROK Ministry of National Defense
2020-05-15,216.0,0.0,0.0,0.0,항공 +코로나 -스포츠,"항공업계, 코로나19 직격탄…‘무더기 적자’",서울경제TV 포커스온
2020-03-24,2332.0,11.0,0.0,2.0,항공 +코로나 -스포츠,‘코로나 셧다운’ 확산…항공 이어 5성 호텔까지 / KBS뉴스(News),KBS News
2021-06-04,2167.0,19.0,0.0,2.0,항공 +코로나 -스포츠,[앵커리포트] 코로나 직격탄 &#39;항공·여행&#39;...&#39;주가&#39;는 들썩거리지만 / YTN, YTN
2020-02-18,987.0,9.0,0.0,10.0,항공 +코로나 -스포츠,日 코로나 감염 616명으로 늘어…한국 항공 노선은 감편 / 연합뉴스TV (YonhapnewsTV),연합뉴스TV
2020-05-19,1504.0,8.0,0.0,1.0,항공 +코로나 -스포츠,"항공업계, ‘코로나’ 장기화 막는다…6월 운항 증편",서울경제TV 포커스온
2022-03-01,3363.0,85.0,0.0,32.0,항공 +코로나 -스포츠,코로나에 걸렸지만 공정위 발표는 못 참지! 대한항공-아시아나 조건부 결합 승인 내용 분석! (2/23라이브방송) [떴다 떴다 변비행✈126화],떴다떴다변비행
2022-03-21,2920.0,26.0,0.0,10.0,항공 +코로나 -스포츠,코로나 급증에 한중 항공노선 축소…상하이 한인타운 봉쇄 / 연합뉴스TV (YonhapnewsTV),연합뉴스TV
2022-06-07,1963.0,59.0,0.0,10.0,항공 +코로나 -스포츠,8일부터 인천국제공항 항공규제 해제 공급 확대｜코로나19 중앙방역대책본부 브리핑 (22.6.7.),KTV국민방송
2021-06-24,106.0,1.0,0.0,0.0,항공 +코로나 -스포츠,델타 변이에 델타 플러스까지…항공업계 &quot;코로나가 너무해&quot;,뉴스토마토
2020-03-27,893.0,5.0,0.0,0.0,항공 +코로나 -스포츠,‘코로나 위기’ 대한항공은?…조원태 ‘첩첩산중’ 시험대 / KBS뉴스(News),KBS News
2020-03-23,464.0,3.0,0.0,1.0,항공 +코로나 -스포츠,[자막뉴스] 항공·호텔도 ‘코로나 셧다운’…5성 호텔도 닫았다 / KBS뉴스(News),KBS News
2020-08-06,327.0,3.0,0.0,4.0,항공 +코로나 -스포츠,&#39;코로나 반년 &#39; 탈출구 못찾는  항공업계...정부에 긴급 &#39;SOS&#39; / 머니투데이방송 (뉴스),MTN 머니투데이방송
2020-11-10,2534.0,52.0,0.0,13.0,항공 +코로나 -스포츠,[시선집중] &quot;코로나휴직 생계의 문제다! 위기에 몰린 항공업계 노동자들&quot; - 항공연대협의회 대한항공직원연대지부 송민섭 지부장,MBC 라디오 시사
2020-04-29,337.0,10.0,0.0,5.0,항공 +코로나 -스포츠,"코로나19 팬데믹, 인도 현지 항공물류 동향은?",한국무역협회 KITA TV
2022-03-24,560.0,7.0,0.0,0.0,항공 +코로나 -스포츠,"코로나 중 화물운송, 리오프닝·유가 /대한항공",토마토증권통 TomatoTV
2020-05-19,1085.0,6.0,0.0,1.0,항공 +코로나 -스포츠,[코로나19 국제뉴스] 코로나19에 태국 국영기업 타이항공 결국 법정관리 / KBS뉴스(News),KBS News
2020-02-06,239.0,0.0,0.0,0.0,항공 +코로나 -스포츠,"영국항공 소유주 “신종코로나, 여행산업 영향 미미”",서울경제TV 포커스온
2022-01-16,231.0,6.0,0.0,0.0,항공 +코로나 -스포츠,코로나로 쌓인 마일리지…소진 골몰하는 항공업계,뉴스토마토
2020-02-06,239.0,0.0,0.0,0.0,항공 +코로나 -스포츠,"영국항공 소유주 “신종코로나, 여행산업 영향 미미”",서울경제TV 포커스온
2022-01-16,231.0,6.0,0.0,0.0,항공 +코로나 -스포츠,코로나로 쌓인 마일리지…소진 골몰하는 항공업계,뉴스토마토
2020-02-17,423.0,4.0,0.0,0.0,항공 +코로나 -스포츠,관광·외식·항공 등 전방위 지원…“코로나19 여파 최소화” / KBS뉴스(News),KBS News
2020-03-04,553.0,2.0,0.0,1.0,항공 +코로나 -스포츠,[손바닥경제] ‘코로나19 쇼크’ 위기의 항공업계…비상구는 어디에?,SBS Biz 뉴스
2020-11-10,5655.0,34.0,0.0,16.0,항공 +코로나 -스포츠,[코로나19 Q&amp;A] 항공업계 “코로나19 백신 수송 준비” / KBS뉴스(News),KBS News
2021-02-14,220.0,2.0,0.0,2.0,항공 +코로나 -스포츠,코로나19로 지난해 항공여객 20년 만에 최저 / 연합뉴스TV (YonhapnewsTV),연합뉴스TV
2020-09-15,348.0,11.0,0.0,1.0,항공 +코로나 -스포츠,[2009015_화] 패트롤전북-전북코로나19현황/이스타항공 직원 대량해고 사태/정부와 여당 책임론도 거세,KBS전주
2020-02-26,264.0,4.0,0.0,2.0,항공 +코로나 -스포츠,[뉴스후] 항공업계 코로나19로 &#39;쑥대밭&#39;... 자구책 마련에 안간힘 / 머니투데이방송 (뉴스),MTN 머니투데이방송
2022-01-21,4547263.0,33198.0,0.0,1158.0,항공 +코로나 -스포츠,천만 원짜리 대한항공 일등석인데... 예전 같지 않네요😭 | 코시국 대한항공 퍼스트 클래스 후기,또 떠나는 남자 ddoddunam
2020-11-12,3153.0,23.0,0.0,8.0,항공 +코로나 -스포츠,코로나 백신 개발 소식에…항공·여행주 연일 상승세 / SBS,SBS 뉴스
2020-11-21,590.0,5.0,0.0,0.0,항공 +코로나 -스포츠,[코로나발 항공 빅뱅…누가 울고 누가 웃나? ] 고육지책? 신의 한수?,SBS Biz 뉴스
2020-03-18,1696.0,49.0,0.0,4.0,항공 +코로나 -스포츠,[코로나19] 비상경제회의 부활…항공·수출 등 업종별 지원강화 / 머니투데이방송 (뉴스),MTN 머니투데이방송
2020-02-17,283.0,1.0,0.0,1.0,항공 +코로나 -스포츠,항공·관광·외식업계 자금 공급 확대…“코로나19 여파 최소화” / KBS뉴스(News),KBS News
2021-01-02,18807.0,135.0,0.0,59.0,항공 +코로나 -스포츠,"코로나 재확산...항공업계, 새해 하늘길도 &#39;울상&#39; / YTN", YTN
2020-11-21,542.0,3.0,0.0,2.0,항공 +코로나 -스포츠,[코로나발 항공 빅뱅…누가 울고 누가 웃나? ] 복병은 남매 다툼?,SBS Biz 뉴스
2020-03-27,2022.0,10.0,0.0,2.0,항공 +코로나 -스포츠,‘코로나 위기’ 대한항공은?…조원태 ‘첩첩산중’ 시험대 / KBS뉴스(News),KBS News
2020-02-23,297.0,3.0,0.0,1.0,항공 +코로나 -스포츠,대구·경북 코로나19 확산에 대구 항공노선 감축 / 연합뉴스TV (YonhapnewsTV),연합뉴스TV
2020-02-01,702.0,6.0,0.0,0.0,항공 +코로나 -스포츠,신종 코로나에 닫히는 하늘길…어두워진 항공산업 / 연합뉴스TV (YonhapnewsTV),연합뉴스TV
2020-03-16,5928.0,48.0,0.0,16.0,항공 +코로나 -스포츠,[코로나19 브리핑] &quot;유럽발 항공노선 특별입국절차 확대&quot; (중앙재난안전대책본부/11:00) - 3월 16일 (월) 뉴스특보 풀영상 / JTBC News,JTBC News
2021-07-15,1748.0,12.0,0.0,1.0,항공 +코로나 -스포츠,[매일경제TV 뉴스] 코로나 재확산에 무너진 항공업계…&quot;세금감면 등 지원 절실&quot;,매일경제TV
2020-12-16,2496.0,17.0,0.0,1.0,항공 +코로나 -스포츠,"하이즈항공, 코로나로 꺾인 날개... 수소로 이륙하나 / 공진단 / 한국경제TV",한국경제TV
2021-01-19,175.0,3.0,0.0,2.0,항공 +코로나 -스포츠,&quot;다시 하늘 날고 싶어요&quot;...코로나 1년 벼랑 끝 항공산업 / YTN 사이언스,YTN 사이언스 투데이
2020-12-05,933.0,9.0,0.0,3.0,항공 +코로나 -스포츠,"[산은, 조원태 ‘휴~’…항공 ‘빅뱅’ 시작] 열쇠는 코로나19가 쥐고 있다",SBS Biz 뉴스
2020-02-10,149.0,5.0,0.0,0.0,항공 +코로나 -스포츠,[신종 코로나]&quot;중국 운항 편수 70% 감소&quot;…신종 코로나 직격탄 맞은 항공업계에 정부 지원나서 / 머니투데이방송 (뉴스),MTN 머니투데이방송
2020-02-17,214.0,1.0,0.0,0.0,항공 +코로나 -스포츠,[코로나19] &#39;직격탄&#39; 항공·관광업 등에 4200억원 긴급 지원 / 머니투데이방송 (뉴스),MTN 머니투데이방송
2022-08-22,357.0,6.0,0.0,1.0,항공 +코로나 -스포츠,항공업계 “7말8초 기대 이하”…코로나 재유행·할증료 타격,뉴스토마토
2022-06-08,143.0,3.0,0.0,0.0,항공 +코로나 -스포츠,[이슈플러스] 항공업계 본격 경쟁…코로나 규제 전면 해제,서울경제TV
2022-10-26,263.0,1.0,0.0,0.0,항공 +코로나 -스포츠,"&quot;코로나 때는 빼라&quot; 공정위, 항공 마일리지 약관 시정 권고",SBS Biz 뉴스
2021-07-28,1113.0,,0.0,0.0,항공 +코로나 -스포츠,코로나 4차유행 확산…하반기 항공 업계는? #아시아나항공 #티웨이항공 #엄경아 연구원 #팬데믹 #거리두기 #트래블버블,토마토증권통 TomatoTV
2021-05-09,267.0,1.0,0.0,0.0,항공 +코로나 -스포츠,"미, 국제선 항공 입국자 코로나19 자가검사 허용 / 연합뉴스TV (YonhapnewsTV)",연합뉴스TV
2020-05-11,929.0,6.0,0.0,0.0,항공 +코로나 -스포츠,"[뉴스후]&#39;코로나19&#39; 직격탄 항공업계, 눈물의 적자 행진 / 머니투데이방송 (뉴스)",MTN 머니투데이방송
2021-01-22,291.0,4.0,0.0,0.0,항공 +코로나 -스포츠,"코로나19(COVID-19), 항공업계 날개가 꺾였다 [그래프로 보는 경제] - 톱데일리(Topdaily)",톱데일리 Top Daily
2020-11-11,275.0,3.0,0.0,0.0,항공 +코로나 -스포츠,"대한항공(003490)... 화이자가 가져온 코로나19 청사진, 수혜주 날아올라도 마냥 웃을 수 없다?_뉴스가 이슈 (20201111)",이데일리TV
2021-03-22,12780.0,113.0,0.0,52.0,항공 +코로나 -스포츠,[이 시각 세계] 코로나 확산에도 미국 항공 여행객 또 최대 기록 (2021.03.23/뉴스투데이/MBC),MBCNEWS
2021-04-26,55.0,2.0,0.0,1.0,항공 +코로나 -스포츠,"중진공,코로나피해 수출기업 항공,해상운임 지원/ 안동MBC",안동MBC NEWS
2020-07-25,461.0,2.0,0.0,3.0,항공 +코로나 -스포츠,에미레이트항공 &quot;승객 코로나 감염시 2억원 지원&quot; / 연합뉴스TV (YonhapnewsTV),연합뉴스TV
2020-05-04,792.0,30.0,0.0,30.0,항공 +코로나 -스포츠,[하이라이트] 코로나19시대 교통물류항공 대응정책,한국교통연구원
2020-10-28,2170.0,15.0,0.0,1.0,항공 +코로나 -스포츠,"코로나로 잔뜩 움츠러든 항공업계,  코로나가 종식되어도 안심하긴 이르다!/ #필살기해외투자",SBS Biz 증권
2021-09-10,2062.0,53.0,0.0,1.0,항공 +코로나 -스포츠,"[섹터 컨디션 점검] 철강·항공株, &#39;포스트 코로나&#39; 이륙 준비 완료? / 섹터 컨디션 점검 / 매일경제TV",매일경제TV
2021-05-14,8601.0,194.0,0.0,22.0,항공 +코로나 -스포츠,"Post 코로나, 대한항공의 호황은 돌아올까? | 원자재 가격 상승과 끝나지 않는 미중갈등, 중국 투자전략은? | 4시에 만나는 미래 | 2021.5.14(금)",미래에셋 스마트머니
2021-05-28,58.0,0.0,0.0,0.0,항공 +코로나 -스포츠,5 .27 .21 KBS America News  대한항공 코로나19 안전등급 &#39;5성 항공사&#39; 선정,KBS America
2020-08-27,373.0,6.0,0.0,1.0,항공 +코로나 -스포츠,"코로나 재확산에 항공업계 ‘삭풍’…이스타, 오늘 희망퇴직",SBS Biz 뉴스
2020-01-29,90.0,3.0,0.0,0.0,항공 +코로나 -스포츠,산업계 덮친 신종코로나 바이러스…항공·관광·면세 등 &#39;비상&#39;,뉴스토마토
2020-03-18,100.0,1.0,0.0,0.0,항공 +코로나 -스포츠,코로나 타격 맞은 ‘항공·버스·해운’ 500억+α 추가 투입,SBS Biz 뉴스
2021-01-14,134.0,6.0,0.0,0.0,항공 +코로나 -스포츠,[전문가 클립] Morton O’ Kelly - 코로나19 이후 미국의 항공산업 변화와 정책 대응,한국교통연구원
2020-08-19,250.0,0.0,0.0,1.0,항공 +코로나 -스포츠,"이스타항공, 재매각 추진…코로나19 장기화에 전망 어두워",SBS Biz 뉴스
2020-06-11,153.0,10.0,0.0,0.0,항공 +코로나 -스포츠,[100초 브리핑] 포스트 코로나… 바이오·항공으로 돌파 外 200611,인천일보TV
2021-11-29,4716.0,81.0,0.0,0.0,항공 +코로나 -스포츠,"코로나19, 여행·항공, 풍력, 위메이드맥스, 인텔리안테크, 두산중공업 / 투자코어 식스팩 / 매일경제TV",매일경제TV
2021-10-01,5008.0,69.0,0.0,2.0,항공 +코로나 -스포츠,"[투자코어 식스팩] 우주항공, 메타버스, 코로나19, 씨에스윈드, 에코캡, 위메이드 / 투자코어 식스팩 / 매일경제TV",매일경제TV
2020-12-24,227.0,10.0,0.0,2.0,항공 +코로나 -스포츠,[전문가 클립] Hans-Martin Niemeier - 코로나 19 이후 독일의 항공산업 변화와 정책대응,한국교통연구원
2021-01-13,6807.0,136.0,0.0,4.0,항공 +코로나 -스포츠,친환경 가속붙은 현대차그룹주 V 포스트코로나 관련 여행 · 항공 · 카지노 · 레저/박창윤의 파이널체크/한국경제TV,한국경제TV
2020-12-30,134.0,6.0,0.0,0.0,항공 +코로나 -스포츠,[전문가 클립] Peter Forsyth - 코로나 19 이후 호주의 항공산업 변화와 정책대응,한국교통연구원
2020-06-12,1638.0,4.0,0.0,0.0,항공 +코로나 -스포츠,&#39;코로나 여파&#39; 르노삼성차 구조조정…대한항공 승무원 무급휴직 / JTBC 아침&amp;,JTBC News
2020-02-17,114.0,1.0,0.0,0.0,항공 +코로나 -스포츠,[코로나19] 홍남기 &quot;항공·해운·관광·외식에 4200억+α 지원&quot; / 머니투데이방송 (뉴스),MTN 머니투데이방송
2020-05-04,1052.0,41.0,0.0,5.0,항공 +코로나 -스포츠,[코로나19에 대응하는 아세아] 아세아항공직업전문학교는 지금!,아세아항공직업전문학교
2021-12-16,70.0,0.0,0.0,0.0,항공 +코로나 -스포츠,"2022년 Industry Credit Outlook [항공] 코로나19, 끝날 때까지 끝난 게 아니다",한국기업평가
2020-01-29,90.0,3.0,0.0,0.0,항공 +코로나 -스포츠,산업계 덮친 신종코로나 바이러스…항공·관광·면세 등 &#39;비상&#39;,뉴스토마토
2021-09-10,7108.0,76.0,0.0,22.0,항공 +코로나 -스포츠,대한항공 비즈니스석 타고 한국입국 Vlog (코로나로 바뀐 자가격리 면제 입국심사),신태전 척추신경 한방재활 연구소
2020-03-18,15.0,0.0,0.0,0.0,항공 +코로나 -스포츠,코로나19 피해 항공·해운·교통 업계 지원,헬로! 강원 - LG HelloVision
2022-10-31,82.0,2.0,0.0,1.0,항공 +코로나 -스포츠,코로나 시국에도 국제항공화물 세계 2위 나라는?ㅣ만기누설,산업방송 채널i
2020-10-27,94.0,2.0,0.0,1.0,항공 +코로나 -스포츠,&#39;코로나19 극복&#39; 항공산업의 변신! | 만기누설 예고,산업방송 채널i
2020-03-24,392.0,7.0,0.0,0.0,항공 +코로나 -스포츠,코로나19에 산업계 연쇄 ‘셧다운’…항공·차·조선 ‘벼랑 끝’,SBS Biz 뉴스
2020-10-12,1859.0,11.0,0.0,0.0,항공 +코로나 -스포츠,코로나 1단계로 하향! 대한항공의 전망은?,서울경제TV
2020-02-17,94.0,2.0,0.0,0.0,항공 +코로나 -스포츠,"KLM항공 코로나 인종차별 논란, SNS게시자 &quot;본사 대처는 아직&quot; 2.17(월) 출발새아침 2부/ YTN 라디오",YTN 라디오
2020-03-23,248.0,3.0,0.0,0.0,항공 +코로나 -스포츠,코로나 사태 장기화에 멈춘 산업계…이스타항공 ‘셧다운’,SBS Biz 뉴스
2020-06-02,1044.0,3.0,0.0,1.0,항공 +코로나 -스포츠,아시아나항공(020560) / 코로나 때문이 아니라 원래...,토마토증권통 TomatoTV
2020-06-02,2970.0,13.0,0.0,2.0,항공 +코로나 -스포츠,[포인트 경제] 아시아나-이스타항공 인수합병 무산 위기?…왜 늦어지나 / KBS뉴스(News),KBS News
2020-03-11,666.0,10.0,0.0,0.0,항공 +코로나 -스포츠,"코로나 바이러스 이후- 항공, 여행, 숙박 관련 정보",KTN Atlanta
2020-02-25,65828.0,500.0,0.0,272.0,항공 +코로나 -스포츠,승무원 확진 판정…대한항공 &#39;탑승편·동선&#39; 함구 논란 (2020.02.26/뉴스투데이/MBC),MBCNEWS
2020-03-24,8465.0,74.0,0.0,10.0,항공 +코로나 -스포츠,(항공교신) 코로나 바이러스로 인해 문을닫은 관제탑,항공교신
2020-03-20,525.0,10.0,0.0,0.0,항공 +코로나 -스포츠,물류 읽어주는 남자/ 코로나19영향 항공화물 운송료 3배 급등,코리아쉬핑가제트
2020-12-08,67734.0,958.0,0.0,118.0,항공 +코로나 -스포츠,매일이 전쟁! 우리가 코로나 시대에서 생존하는 방법(How we survive the COVID-19) : 인천공항X대한항공X델타항공,프레스티지고릴라
2020-11-17,689.0,13.0,0.0,,항공 +코로나 -스포츠,"대한항공(003490) 코로나 이후, 수혜 가능 커",토마토증권통 TomatoTV
2021-11-21,8362.0,57.0,0.0,15.0,항공 +코로나 -스포츠,"美 항공 이용객, 코로나 이후 최고치 경신...코로나 확산 우려 / YTN", YTN
2021-08-26,6761.0,84.0,0.0,0.0,항공 +코로나 -스포츠,[마켓SE7EN] with 코로나 수혜주도 준비하자 - 대한항공·호텔신라·카지노 업종·강원랜드 / 매일경제TV,매일경제TV
2020-05-25,265.0,6.0,0.0,0.0,항공 +코로나 -스포츠,[KBS뉴스9 경남] 코로나 타격 항공제조업계 &#39;고용 지원&#39; 요구┃2020.05.25.(월),KBS뉴스 경남
2021-11-12,403.0,3.0,0.0,0.0,항공 +코로나 -스포츠,[추천주] 대한항공 #위드코로나 #여행 #항공 #해외 #화물물류 #합병 #국제 #여객,토마토증권통 TomatoTV
2020-03-09,1214.0,11.0,0.0,2.0,항공 +코로나 -스포츠,텅 빈 일본행 비행기...항공업계 &#39;개점 휴업&#39; / YTN, YTN
2020-06-22,8084.0,408.0,0.0,54.0,항공 +코로나 -스포츠,[이리온] 항공/호텔/레저: 코로나 싹 3,이리온 [이베스트투자증권]
2021-03-31,95.0,1.0,0.0,0.0,항공 +코로나 -스포츠,[공공운수노조 국제웨비나 I] &quot;코로나시기 항공산업의 전망과 노조의 대응&quot; 피터 턴불교수_코로나19 팬데믹 후 항공산업의 현재와 이후 구조조정 전망,공공운수노조kptu
2021-05-31,3665.0,27.0,0.0,9.0,항공 +코로나 -스포츠,미 연휴 &#39;북새통&#39;…항공 여행객 코로나 이전 수준 회복 / JTBC 아침&amp;,JTBC News
2021-05-26,54106.0,4432.0,0.0,926.0,항공 +코로나 -스포츠,"포스트 코로나 급등중 항공, 여행, 소비, 백화점, 카지노, 면세점, 엔터, 경협주 리뷰와 후속주 공개",이헌상 황금바닥
2020-05-15,200.0,1.0,0.0,0.0,항공 +코로나 -스포츠,"항공업계, 코로나 사태에 1분기 일제히 적자전환 / 연합뉴스TV (YonhapnewsTV)",연합뉴스TV
2022-02-04,889.0,14.0,0.0,2.0,항공 +코로나 -스포츠,대한항공(003490)... 위드 코로나 선회… 리오프닝주 ‘반짝’_실시간 증시 수다 (20220204),이데일리TV
2020-10-01,19362.0,115.0,0.0,75.0,항공 +코로나 -스포츠,막힌 하늘길·길어지는 &#39;셧다운&#39;...막막한 항공 업계 / YTN, YTN
2020-06-04,945.0,13.0,0.0,1.0,항공 +코로나 -스포츠,미중충돌 이번엔 항공…&quot;16일부터 中여객기 취항금지&quot; / 연합뉴스TV (YonhapnewsTV),연합뉴스TV
2021-01-21,179.0,18.0,0.0,1.0,항공 +코로나 -스포츠,"[주간물류뉴스] 코로나로 위기에 몰린 항공산업, 그 구제책은?",쇼미더무역
2021-05-27,348.0,19.0,0.0,4.0,항공 +코로나 -스포츠,95회 -  항공 업계의 위기는 코로나가 아니라 탄소 배출? [팟캐스트] 그린뉴딜 핫라인,그린피스 서울사무소
2020-05-11,5970.0,53.0,0.0,7.0,항공 +코로나 -스포츠,100년 된 남미 항공사 &#39;파산신청&#39;...세계 항공업계 몸살 / YTN, YTN
2020-11-16,142.0,5.0,0.0,2.0,항공 +코로나 -스포츠,코로나가 절호의 찬스? 항공산업에 미칠 긍정적 영향 | 만기누설,산업방송 채널i
2021-01-15,579.0,8.0,0.0,0.0,항공 +코로나 -스포츠,코스피 시가총액 상위 10종목 모두 하락 / 코로나19 진정세… 항공ㆍ여행주 상승세 / 대형주 &#39;쏠림&#39; 언제까지 지속될까_탑픽IN이슈 (20210115),이데일리TV
2020-09-26,1431.0,9.0,0.0,3.0,항공 +코로나 -스포츠,"&#39;여객 대신 화물&#39;...항공업계, 위기 극복 안간힘 / YTN", YTN
2020-04-18,929.0,9.0,0.0,1.0,항공 +코로나 -스포츠,프랑스 핵추진 항공모함 승조원 940명 코로나19 감염 / SBS,SBS 뉴스
2020-04-14,20489.0,1766.0,0.0,88.0,항공 +코로나 -스포츠,펭-하! 제주항공 친환경 홍보담당 펭수의 응원메시지 ｜ 제주항공 &quot;코로나19&quot; 극복 릴레이 응원메시지 #3,제주항공 JEJUAIR
2022-07-20,71.0,0.0,0.0,0.0,항공 +코로나 -스포츠,회복세 탄 여행·항공 업계 코로나 재확산에 긴장_이슈 파워 (20220720),이데일리TV
2021-10-20,271.0,5.0,0.0,0.0,항공 +코로나 -스포츠,"[미주탐구] 델타항공(DAL), 위드코로나로 비상하나 했더니 유가 상승에 희비교차",인포스탁데일리
2020-08-09,290219.0,3214.0,0.0,273.0,항공 +코로나 -스포츠,ENG) 대한항공 일등석 코스모스위트 2.0 탑승기 / Korean Air First Class / 퍼스트클래스,소소soso
2020-09-07,138.0,1.0,0.0,0.0,항공 +코로나 -스포츠,벌초 문화도 바꾼 코로나19..추석 항공좌석도 남아,JIBS 뉴스/제주방송
2020-04-21,9802.0,152.0,0.0,7.0,항공 +코로나 -스포츠,"[이항영의 월가이드] 코로나 19 이후...스타벅스vs델타항공, 당신의 선택은? / (증시, 증권)",MTN 머니투데이방송
2020-04-02,179000.0,1320.0,0.0,700.0,항공 +코로나 -스포츠,세계 최강 항공모함 &#39;시어도어 루스벨트호&#39;에 코로나19 확산..환자 폭발적 증가에 집단감염 우려,엠빅뉴스
2021-08-12,591.0,6.0,0.0,1.0,항공 +코로나 -스포츠,하와이 하늘길 열린다…대한항공 11월 운항 재개 / 연합뉴스TV (YonhapnewsTV),연합뉴스TV
2021-08-13,129.0,,0.0,0.0,항공 +코로나 -스포츠,[토마토TV 연결고리] 코로나에도 항공 부품기업은 가파른 경기 회복..국내 관련주는? #LIG넥스원 #휴니드 #두산중공업 #한화에어로스페이스,토마토증권통 TomatoTV
2021-09-24,3676.0,48.0,0.0,12.0,항공 +코로나 -스포츠,확진자 최대지만 위드 코로나에 실낱 같은 희망 …항공업계 빗장 열 채비 / 머니투데이방송 (뉴스),MTN 머니투데이방송
2020-06-24,644.0,16.0,0.0,0.0,항공 +코로나 -스포츠,[청년항공] 코로나 19 공익광고,청년항공
2020-03-12,1212.0,7.0,0.0,2.0,항공 +코로나 -스포츠,"중국동방항공 승무원, &quot;한국이 코로나19 가장 심각하다며 해고당했다&quot; 3.12(목) 출발새.../ YTN 라디오",YTN 라디오
2021-11-10,215.0,2.0,0.0,0.0,항공 +코로나 -스포츠,[추천주] 한진칼 #위드코로나 #항공 #아시아나 #여행 #비행기 #해외,토마토증권통 TomatoTV
2020-11-21,550.0,7.0,0.0,1.0,항공 +코로나 -스포츠,"[코로나발 항공 빅뱅…누가 울고 누가 웃나? ] 우여곡절, 세계 7위 대형항공사 초읽기",SBS Biz 뉴스
2021-01-12,60765.0,5342.0,0.0,369.0,항공 +코로나 -스포츠,"포스트코로나를 준비 할때 I 롯데쇼핑 급등! 항공, 여행, 백화점, 화장품, 엔터, 면세점  중국주 등 종목군 리뷰",이헌상 황금바닥
2022-12-29,513032.0,2593.0,0.0,1619.0,항공 +코로나 -스포츠,"미국, 다음 달 5일부터 &quot;검사 의무화&quot;…인천공항 지목 / SBS",SBS 뉴스
2021-01-20,1766.0,363.0,0.0,83.0,항공 +코로나 -스포츠,"[젠가왕김재연] 코로나 시대, 아시아나 항공 노동자를 만나다",진보당 진보TV
2021-01-31,2880.0,104.0,0.0,23.0,항공 +코로나 -스포츠,코로나 시기에 한국 입국기 발리 - 자카르타 - 인천 가루다항공,Guru Bali TV
2020-10-24,177415.0,1130.0,0.0,595.0,항공 +코로나 -스포츠,A380 여객기 타고 한반도 한 바퀴...코로나 시대 ‘여행앓이’ 관광비행 / KBS뉴스(News),KBS News
2020-07-22,36.0,0.0,0.0,0.0,항공 +코로나 -스포츠,"[이데일리N] 국민연금, 코로나 후 ‘바이오·IT’ 사고 ‘조선·항공’ 팔고 外",이데일리TV
2021-08-25,3847.0,18.0,0.0,7.0,항공 +코로나 -스포츠,LG생활건강·대한항공... &#39;위드 코로나 시대&#39;... 시장이 주목하는 업종은?_경제판 돋보기 (20210826),이데일리TV
2022-01-02,8593.0,337.0,0.0,19.0,항공 +코로나 -스포츠,[CES 2022] 코로나19에도 북적이는 라스베이거스...항공ㆍ여행주 사야하나,한경 글로벌마켓
2021-03-12,760.0,38.0,0.0,9.0,항공 +코로나 -스포츠,[통역사가 알려주는 프랑스 뉴스] 2021-03-10 코로나로 항공업계 타격,프렌치에꼴FrenchEcole
2020-02-04,236.0,0.0,0.0,0.0,항공 +코로나 -스포츠,신종코로나에 한-중 항공노선 55% 중단 / 연합뉴스TV (YonhapnewsTV),연합뉴스TV
2020-05-29,110.0,0.0,0.0,0.0,항공 +코로나 -스포츠,&#39;이가 없으면 잇몸으로!&#39;...항공업계 &#39;몸부림&#39; / YTN 사이언스,YTN 사이언스 투데이
2020-09-12,3503.0,19.0,0.0,25.0,항공 +코로나 -스포츠,&#39;노딜&#39;로 끝난 항공 &#39;빅딜&#39;...구조조정 &#39;태풍&#39; 우려 / YTN, YTN
2020-04-21,4964.0,25.0,0.0,9.0,항공 +코로나 -스포츠,호주 2위 항공사 회생절차 돌입...항공업계 직격탄 상징적 조치 / YTN, YTN
2020-12-29,588.0,15.0,0.0,4.0,항공 +코로나 -스포츠,코로나 이후 첫 비행 대한항공 KE081 뉴욕 JFK 착륙 ASMR,Future Ready Lab
2022-10-10,3097.0,24.0,0.0,77.0,항공 +코로나 -스포츠,내일부터 무비자 일본 관광…항공 등 예약 급증 / KBS  2022.10.10.,KBS News
2021-08-27,355.0,5.0,0.0,3.0,항공 +코로나 -스포츠,1년 넘게 막힌 국제선…‘생존 투쟁’ 길어지는 항공업계_산업뉴스[산업방송 채널i],산업방송 채널i
2021-09-14,3956.0,47.0,0.0,1.0,항공 +코로나 -스포츠,"[갈 테마 가라] &#39;위드 코로나&#39;에 설레는 여행· 항공 관련주 대장은 대한항공! / 머니투데이방송 (증시, 증권)",MTN 머니투데이방송
2022-02-02,4334.0,34.0,0.0,5.0,항공 +코로나 -스포츠,코로나19 이후 대한항공 프레스티지 라운지 2022 모습,10시10분_thtm
2022-05-29,5563.0,8.0,0.0,0.0,항공 +코로나 -스포츠,나흘째 1만 명대 확진…항공방역 다음달부터 완화 / 연합뉴스TV (YonhapnewsTV),연합뉴스TV
2020-04-07,3478.0,50.0,0.0,10.0,항공 +코로나 -스포츠,"이스타항공, 직원들 속이고 ‘국민연금 체납’ | 뉴스A LIVE",채널A 뉴스
2021-12-03,774.0,21.0,0.0,0.0,항공 +코로나 -스포츠,"‘오미크론’ 확산, 위드 코로나 항공·해운株 돌파구는? / 섹터 컨디션 점검 / 매일경제TV",매일경제TV
2021-10-26,1299.0,18.0,0.0,0.0,항공 +코로나 -스포츠,"해외 여행, 위드 코로나 기대해도 좋아 #아시아나항공",토마토증권통 TomatoTV
2021-08-23,1681.0,36.0,0.0,16.0,항공 +코로나 -스포츠,코로나이후 확 달라진 FAA 미국항공정비사자격증 3가지 취득방법,김종복_아퀼라항공TV
2022-03-17,608.0,14.0,0.0,2.0,항공 +코로나 -스포츠,에드 바스티안 델타항공 CEO &quot;코로나 대유행 종식됐다&quot;/[GO WEST]/한국경제TV뉴스,한국경제TV뉴스
2020-05-19,36031.0,239.0,0.0,65.0,항공 +코로나 -스포츠,타이항공 파산 신청...&quot;남의 일 아냐&quot; 떨고 있는 LCC / 머니투데이방송 (뉴스),MTN 머니투데이방송
2020-02-25,207.0,4.0,0.0,0.0,항공 +코로나 -스포츠,코로나19에 ‘보복적 소비’로 클 산업은? “항공·엔터·소매 주목”,인포스탁데일리
2021-01-18,3910.0,53.0,0.0,9.0,항공 +코로나 -스포츠,"코로나 이후 승무원 채용 및 항공산업 전망, 그에 따른 항공과 준비생(예승이)들의 현명한 대처는?",항공과 테디쌤
2021-09-10,1766.0,35.0,0.0,0.0,항공 +코로나 -스포츠,위드 코로나 수혜의 대표 주자는? #신세계인터내셔날 #아시아나항공 #하나투어 #미스터진단 #금산 #전문가 #종목진단,토마토증권통 TomatoTV
2022-05-03,350.0,12.0,0.0,5.0,항공 +코로나 -스포츠,글로벌 항공정비사 꿈과 도전이야기-코로나를 뚫고 세계로!,아퀼라 항공교육원
2020-02-25,16288.0,92.0,0.0,52.0,항공 +코로나 -스포츠,대한항공 승무원도 확진…이스라엘 · LA 노선 탔었다 / SBS,SBS 뉴스
2020-06-19,255.0,0.0,0.0,1.0,항공 +코로나 -스포츠,&quot;코로나 탓에 쓰지도 못해&quot; 불만에…&#39;항공 마일리지&#39; 유효기간 연장  / JTBC 아침&amp;,JTBC News
2020-11-26,559.0,19.0,0.0,0.0,항공 +코로나 -스포츠,대한항공 잭팟 터지나 코로나 백신 운송 &quot;최대수혜&quot;/[이슈플러스]/한국경제TV뉴스,한국경제TV뉴스
2021-11-03,1963.0,19.0,0.0,5.0,항공 +코로나 -스포츠,&quot;미국 항공 2천 편 이상 취소&quot; 인력난에 항공대란까지 [굿모닝MBN],MBN News
2021-01-14,29012.0,362.0,0.0,35.0,항공 +코로나 -스포츠,진에어가 바뀐다? 최대 규모 항공사의 탄생과 항공업계 전망,캐치TV
2022-05-25,612.0,1.0,0.0,3.0,항공 +코로나 -스포츠,공항 노동자 &quot;항공 운항 느는데 인력은 그대로&quot; 대책 촉구 / YTN, YTN
2020-02-11,23.0,0.0,0.0,0.0,항공 +코로나 -스포츠,"[이데일리N] 정부, 신종코로나 직격탄 항공업계 지원 나선다 外",이데일리TV
2021-10-29,8654.0,57.0,0.0,0.0,항공 +코로나 -스포츠,위드 코로나 시작 항공주 담아도 될까 / 대한항공 / 양지환 대신증권 연구위원 / 위드코로나 특집 유망 업종 분석 / 한국경제TV,한국경제TV
2020-11-11,1260.0,13.0,0.0,0.0,항공 +코로나 -스포츠,제주항공(089590)_테마 세끼 (20201111),이데일리TV
2020-04-01,14299.0,112.0,0.0,47.0,항공 +코로나 -스포츠,코로나19 앞에 거대 핵추진 항공모함도 SOS...&quot;150~200명 감염&quot; / YTN, YTN
2021-11-07,60823.0,1378.0,0.0,28.0,항공 +코로나 -스포츠,"위드 코로나 본격화에 여행, 항공, 엔터 등 리오프닝 관련주 &#39;들썩&#39; / 오늘장 놓쳐선 안 될 당신이 잠든사이 일어난 해외 이슈 / 굿모닝한경글로벌마켓",한국경제TV
2021-05-26,283.0,18.0,0.0,0.0,항공 +코로나 -스포츠,"증가하는 백신 접종률 코로나19 백신 접종률이 증가, 항공 여행객 90% 회복 한국행 항공권 예매율 급증 / NYM",NEW YORK MINUTE - 뉴욕 다양한 이야기
2021-11-26,4809.0,29.0,0.0,3.0,항공 +코로나 -스포츠,"대한항공(003490)... 위드 코로나 관련주 / 돌기마다 32개 돌연변이, 백신도 뚫는다… WHO &#39;뉴 변이&#39; 긴급회의_머선129 (20211126)",이데일리TV
2022-12-13,225.0,4.0,0.0,0.0,항공 +코로나 -스포츠,제로 코로나 정책에 대한 기대감. 리오프닝 기대감? / 대한항공(003490) / [신기수 전문가_진짜 쉬운 진단],토마토증권통 TomatoTV
2021-01-08,1343.0,29.0,0.0,1.0,항공 +코로나 -스포츠,[뉴스후] &quot;여행 가능하려면 멀었다&quot;…항공 구조조정 위기론도,MTN 머니투데이방송
2021-09-01,2703.0,28.0,0.0,0.0,항공 +코로나 -스포츠,대한항공(003490)... &#39;위드 코로나&#39; 관련주로 분류_테마IN이슈 (20210901),이데일리TV
2022-03-22,86.0,6.0,0.0,0.0,항공 +코로나 -스포츠,[코로나19 특집] 한국형 스페이스엑스 육성 우리나라 항공우주개발 과제는?｜생방송 대한민국 1부,KTV 뉴스
2021-09-28,15884.0,296.0,0.0,3.0,항공 +코로나 -스포츠,"[김종효의 효리부동] 위드 코로나 기대, 항공주가 아니라 호텔신라에 주목하는 이유 / 머니투데이방송 (증시, 증권)",MTN 머니투데이방송
2021-04-16,9321.0,290.0,0.0,31.0,항공 +코로나 -스포츠,12일부터 장애인·항공승무원 대상 예방접종 사전예약｜코로나19 중앙방역대책본부 브리핑 (21.4.16.),KTV국민방송
2022-02-03,320.0,1.0,0.0,0.0,항공 +코로나 -스포츠,대한항공(003490)... &#39;위드 코로나&#39; 관련주 / 코로나 확진자 연일 1만 명대… 조용히 웃는 진단키트株_머선129 (20220203),이데일리TV
2022-02-23,1929.0,29.0,0.0,0.0,항공 +코로나 -스포츠,"조선, 풍력, 코로나19, 건설, 이구산업, 티웨이항공 / 투자코어 식스팩 / 매일경제TV",매일경제TV
2021-08-13,348.0,6.0,0.0,0.0,항공 +코로나 -스포츠,"대한항공, 화물 매출 1.5조…5분기 연속 흑자",서울경제TV 포커스온
2020-06-12,2350.0,16.0,0.0,19.0,항공 +코로나 -스포츠,대한항공 &quot;서울시 송현동 부지매각 방해&quot;...권익위에 SOS / YTN, YTN
2020-09-22,1249.0,22.0,0.0,6.0,항공 +코로나 -스포츠,코로나 이후 항공정비사 조종사 힘내세요!!  두가지 모습,김종복_아퀼라항공TV
2021-01-15,115.0,4.0,0.0,0.0,항공 +코로나 -스포츠,"티웨이항공, 포스트 코로나 극복 준비... 무착륙 비행 실시, 화물운송 사업까지",메트로신문
2020-11-10,3425.0,47.0,0.0,0.0,항공 +코로나 -스포츠,"대한항공(003490),신성이엔지(011930),KPX생명과학(114450),바이넥스(053030),하나투어(039130),휴비스(079980)_새빨간 종목 (20201110)",이데일리TV
2022-12-26,221.0,4.0,0.0,0.0,항공 +코로나 -스포츠,하와이안항공 승무원이 골랐다! 코로나19 이후 새로 생긴 [하와이 오아후 신상 핫플5️⃣],여행플러스 TOUR PLUS
2021-12-02,74.0,2.0,0.0,0.0,항공 +코로나 -스포츠,[토마토TV 연결고리] 코로나 영향 크게 받은 &#39;비대면·여행·항공&#39;...투자자들이 강력 매수 추천!글로벌 기업과 함께할 국내 관련주는?#이마트 #원티드랩 #대한항공 #아시아나항공,토마토증권통 TomatoTV
2021-05-25,2722.0,26.0,0.0,4.0,항공 +코로나 -스포츠,아시아나항공(020560)... 아메리칸항공 등 美 항공주 상승세_테마IN이슈 (20210525),이데일리TV
2021-10-05,8754.0,177.0,0.0,6.0,항공 +코로나 -스포츠,"[알투자] 공정위, 대한항공-아시아나 기업결합 심사 연내 마무리…항공 화물 강세로 코로나19 국면에도 이익 창출 가능 &#39;대한항공&#39; / 매일경제TV",매일경제TV
2020-04-01,57449.0,386.0,0.0,199.0,항공 +코로나 -스포츠,코로나19 앞에 거대 핵추진 항공모함도 SOS...&quot;150~200명 감염&quot; / YTN, YTN
2020-11-28,25939.0,281.0,0.0,121.0,항공 +코로나 -스포츠,"“대한항공 인수, 그게 왜 희소식?” 줄줄이 마통 뚫는 아시아나 승무원들, 왜?",한겨레TV
2021-10-26,775.0,11.0,0.0,0.0,항공 +코로나 -스포츠,"[집중분석] 위드코로나와 그린플레이션 &#39;항공·종합상사株&#39; 고공비행? / 머니투데이방송 (증시, 증권)",MTN 머니투데이방송
2020-10-08,4432.0,89.0,0.0,29.0,항공 +코로나 -스포츠,"면장합격팁! 항공정비과 교수,시험감독관이 전하는 합격방법? 추천교재? 평가방법?코로나이후 항공정비사전망?",김종복_아퀼라항공TV
2021-09-24,30009.0,2393.0,0.0,52.0,항공 +코로나 -스포츠,"항공,여행,크루즈,위드코로나, 남북경협주, 2차전지 등 한국과 미국 관심주 리뷰",이헌상 황금바닥
2021-11-12,884.0,16.0,0.0,1.0,항공 +코로나 -스포츠,"[손경제 플러스+] &quot;위드 코로나 시대, 항공/화물/물류 고민과 기대 /  &#39;중국 공산당 &#39;역사결의&#39;&quot; l MBC 211112방송",MBC 라디오 시사
2020-02-12,65.0,3.0,0.0,0.0,항공 +코로나 -스포츠,제주항공 신종코로나바이러스 항공업계불황 제주항공적자 국민의소리TV 피폴TV 한국신문방송인클럽 전유진기자,국민의소리TV  국민의소리
2021-02-18,120.0,8.0,0.0,1.0,항공 +코로나 -스포츠,호텔관광항공 소식 여덟번째 | 디지털 코로나 여권과 코로나 그 이후,세종사이버대학교 호텔관광경영학과
2021-05-11,3946.0,68.0,0.0,4.0,항공 +코로나 -스포츠,백신 접종에 따른 보복 소비 본격화 대한항공·인터파크 / 한국경제TV / 증시라인,한국경제TV
2020-10-30,2455.0,50.0,0.0,15.0,항공 +코로나 -스포츠,"코로나 이후 바쁜 MRO 중정비, 항공정비사를 아시나요? #MRO항공정비산업 #라인정비 #중정비",김종복_아퀼라항공TV
2022-04-12,7248.0,145.0,0.0,10.0,항공 +코로나 -스포츠,하늘길 열리면 대한항공 주가 이제 시작? | 주식썰전,한경 코리아마켓
2020-06-13,4871.0,62.0,0.0,23.0,항공 +코로나 -스포츠,"eng[전세기브이로그]대한항공전세기브이로그✈️,인천공항코로나검사&amp;격리,시드니에서한국으로귀국,기내식먹방,시드니워홀끝|민분홍 VLOG",민분홍MINBUNHONG
2021-11-26,217.0,7.0,0.0,2.0,항공 +코로나 -스포츠,코로나 팬데믹 시대 아시아나 항공 기내식 Flight Meals Taoyuan Airport Asiana Airlines [4K],Go Eat Walk
2021-08-27,2880.0,17.0,0.0,0.0,항공 +코로나 -스포츠,아시아나항공·에스엠·BGF리테일... &#39;위드 코로나&#39; 시대... 주목할 수혜주_최효은의 투자 인사이트 (20210827),이데일리TV
2020-08-14,5255.0,41.0,0.0,19.0,항공 +코로나 -스포츠,코로나시대 항공정비사 지망생의 준비,Jason Park
2020-04-28,715.0,12.0,0.0,10.0,항공 +코로나 -스포츠,[드론 항공뷰] 코로나 때문에 답답하시죠? 부산 바다 같이 즐겨요 :),면역다방 방선휘TV
2021-10-25,26204.0,1385.0,0.0,21.0,항공 +코로나 -스포츠,"장중 공개방송 I 위드 코로나, 항공, 여행, 유통, 소비, K-컨텐츠, 분기 및 연간 실적개선주  I 박스권 증시 진단 I 우리들만의 리그 리뷰",이헌상 황금바닥
2021-09-28,34278.0,2218.0,0.0,63.0,항공 +코로나 -스포츠,"2차전지, 경협주, 항공, 여행, 엔터, 카지노 등 위드코로나 I 국내증시 급락 증시 전망과 전략",이헌상 황금바닥
2020-02-01,3827795.0,23064.0,0.0,1831.0,항공 +코로나 -스포츠,ENG) ✈️사실은 대성통곡 했던 7년차 대한항공 승무원 마지막 퇴근길✈️ ｜전직 승무원 vlog | haeyoo해유,haeyoo 해유
2021-09-30,3047.0,97.0,0.0,6.0,항공 +코로나 -스포츠,[항공/운송] 이제는 위드코로나를 준비할 때 / 위드코로나 업종별 영향 전망,하나TV [하나증권]
2021-12-29,202.0,7.0,0.0,0.0,항공 +코로나 -스포츠,"한국항공우주(047810), 코로나 완화 시 항공 부품 수요 증가 예상...추세 전환 시 재반등 충분! #한국항공우주",토마토증권통 TomatoTV
2022-12-28,82.0,4.0,0.0,0.0,항공 +코로나 -스포츠,달러화 약세·유가하락에 항공업계 정상화 기대감↑,뉴스토마토
2022-12-23,235.0,3.0,0.0,0.0,항공 +코로나 -스포츠,제주항공... 위드코로나 이후 두 달간 한~일 여객 수송 LCC 중 1위 / 애니플러스... 3분기 영업익 47억원… 창립 이후 역대 최대_개장 관심주 (20221223),이데일리TV
2021-06-21,82.0,6.0,0.0,0.0,항공 +코로나 -스포츠,"바이든 행정부, ‘코로나 19 독립’ 달성 불투명 / 항공 여행 수요 급증 항공사 운영 정상화에 차질 / 미-멕시코-캐나다 국경 폐쇄 한달 더 연장 [6월 21일 달코라영상뉴스]",DKTV : DKNET 공식 채널
2022-08-07,2333.0,58.0,0.0,21.0,항공 +코로나 -스포츠,"코로나 시국, 2년만의 한국 휴가 vlog ✈️  대한항공, 라운지 무료 이용, 영어로 호텔 소개 | 곰나 밴쿠버 브이로그",곰나 Gomna
2021-08-27,4861.0,115.0,0.0,0.0,항공 +코로나 -스포츠,"[섹터 컨디션 점검] 해운·조선·항공, &#39;위드 코로나&#39; 수혜 받을까? / 섹터 컨디션 점검 / 매일경제TV",매일경제TV
2022-12-27,512.0,7.0,0.0,0.0,항공 +코로나 -스포츠,"중국,  대한항공-아시아나 합병 승인…기업결합 &#39;급물살&#39;",뉴스토마토
2022-01-07,652.0,9.0,0.0,1.0,항공 +코로나 -스포츠,"[미주탐구] 여전히 저평가 델타항공(DAL), 코로나 끝나면 주가·비행기 모두 날아오를 텐데",인포스탁데일리
2021-09-23,8069.0,234.0,0.0,10.0,항공 +코로나 -스포츠,"내수 서비스, 2차전지, 코로나 관련주 주요 섹터 총정리! #아시아나항공 #LG화학 #에코프로비엠 #롯데정밀화학 #삼성엔지니어링 #한국비엔씨 #국전약품 #명인들의복기",토마토증권통 TomatoTV
2021-09-06,742.0,34.0,0.0,3.0,항공 +코로나 -스포츠,"&#39;위드 코로나&#39; 9월, 항공 · 엔터주 주목_[나민호·유동원이 전하는 투자전략] / 09월 06일",케이비나 KVINA
2021-07-21,86.0,2.0,0.0,0.0,항공 +코로나 -스포츠,"항공업계 &quot;유가에 웃으려다, 델타 변이에 눈물&quot;",뉴스토마토
2021-08-26,514.0,6.0,0.0,0.0,항공 +코로나 -스포츠,[항공정비사]코로나를 뚫고 해외취업에 성공한 3인방 인터뷰,아퀼라 항공교육원
2020-03-06,1281.0,19.0,0.0,7.0,항공 +코로나 -스포츠,"코로나로 인한 항공권 취소 및 변경, 대한항공 고객센터 연결하는 최선의 방법 (ft. 해외에서도 가능한 고객센터 연결 꿀팁)",퇴사후 세계여행_다녀온 백수부부
2021-03-31,86.0,1.0,0.0,0.0,항공 +코로나 -스포츠,[공공운수노조 국제웨비나 I] &quot;코로나시기 항공산업의 전망과 노조의 대응&quot; 조 타이베리 국제운수노련(ITF) 민간항공분과 의장 인사말,공공운수노조kptu
2021-02-25,25765.0,189.0,0.0,30.0,항공 +코로나 -스포츠,"승무원 월급 얼마일까? 통장공개! (퍼듐, 보너스) 대한항공, 아시아나항공 , 제주항공 항공사별 코로나 전, 후 월급차이 🤭",면접의참견
2020-03-25,2446.0,67.0,0.0,2.0,항공 +코로나 -스포츠,"민생연구소 249회/중국동방항공 14기 승무원 73명 전원 해고!? /코로나19 관광업계 타격, ‘서울 도심 투어’ 현재 상황은?",TBS 시민의방송
2020-10-08,517.0,17.0,0.0,2.0,항공 +코로나 -스포츠,대한항공 코로나19 백신수송으로 과연 대박날까?,썩삼TV suksam
2021-08-24,6347.0,192.0,0.0,,항공 +코로나 -스포츠,[수익극대화 포트전략 이창원] 위드 코로나 대장 아시아나항공! 일진다이아 대응!,MBN골드
2021-09-24,368.0,4.0,0.0,1.0,항공 +코로나 -스포츠,"[단독] 아시아나항공, 18년 만에 인천~괌 노선 띄운다…‘위드 코로나’ 준비 사활",SBS Biz 뉴스
2021-10-04,38795.0,3607.0,0.0,31.0,항공 +코로나 -스포츠,"야간반상회 공개방송 I 머크 치료제, 헝다, 위드코로나, 항공, 여행, 엔터, 경협, 2차전지, 실적개선 황금바닥주 I 우리들만의 리그 리뷰",이헌상 황금바닥
2021-12-01,26377.0,1690.0,0.0,51.0,항공 +코로나 -스포츠,"반도체,부품,2차전지,위드코로나(백화점,화장품,항공,여행,카지노)게임,엔터,메타버스,자동차 등",이헌상 황금바닥
2021-09-03,169.0,4.0,0.0,0.0,항공 +코로나 -스포츠,"대한항공(003490), 위드 코로나가 되면 어떻게 될까요? │ 종목상담 (대한항공, 소비주, 위드코로나)",서울경제TV
2021-02-05,7310.0,83.0,0.0,44.0,항공 +코로나 -스포츠,[🇨🇦유학생V-log] 코로나 시국에 캐나다 유학가기/ 대한항공✈️/코로나 검사💉/토론토 공항,캐나다은 Canada Eun
2022-11-04,373.0,,0.0,,항공 +코로나 -스포츠,"급등주 - 대한항공우, 항공, 여행, 코로나, 실적, 주식투자, 삼성전자, 재테크, 주식대박, 파이어족, 코인, 비트코인",평택촌놈TV
2021-02-11,1519.0,26.0,0.0,0.0,항공 +코로나 -스포츠,코로나 폭탄 맞은 항공 비서사무과? 안산대학교 교수님 특별초청↗,저장각TV
2020-10-21,142.0,1.0,0.0,0.0,항공 +코로나 -스포츠,항공산업의 포스트 코로나 시대를 준비할 시간 (Time to Prepare for the post COVID-19 era of aviation industry),항공과 비평
2021-02-24,775.0,24.0,0.0,8.0,항공 +코로나 -스포츠,대한항공에서 찾는 승무원 시리즈3|포스트코로나 시대에는 어떤 승무원?,썩삼TV suksam
2021-05-07,16501.0,302.0,0.0,43.0,항공 +코로나 -스포츠,승무원 VLOG | 코로나검사 • 에미레이트항공 탑승기 • 인천공항상황,헤더언니 heather sis
2021-01-19,22642.0,243.0,0.0,29.0,항공 +코로나 -스포츠,💸항공주 2탄💸 코스피 3000 돌파🎉 과연 주목해야할 항공주는❗️❓ [✈떴다떴다 변비행✈ 74화],떴다떴다변비행
2021-03-06,335.0,19.0,0.0,1.0,항공 +코로나 -스포츠,[강준혁] #항공산업 코로나 위기 극복 및 재도약 방안 #대한항공 #신세계 #호텔신라 #파라다이스,재테크 주식 부자클럽
2022-04-05,406.0,9.0,0.0,0.0,항공 +코로나 -스포츠,[생쇼 종목추천] 국내선 코로나19 이전 복귀수준! 티웨이항공 / 생쇼 이창원 / 매일경제TV,MBN골드
2021-03-31,91.0,3.0,0.0,0.0,항공 +코로나 -스포츠,[공공운수노조 국제웨비나 I] &quot;코로나시기 항공산업의 전망과 노조의 대응&quot;  이탈리아노총운수노조연맹(FILT-CGIL) 미켈 롱가노 조종사대표 “이탈리아 Alitalia항공”,공공운수노조kptu
2021-08-30,1148.0,11.0,0.0,1.0,항공 +코로나 -스포츠,"[마켓줌인]한국 ‘위드 코로나’  검토 여행 · 항공 · 카지노 노려보자! / 머니투데이방송 (증시, 증권)",MTN 머니투데이방송
2021-01-09,621.0,51.0,0.0,19.0,항공 +코로나 -스포츠,괜찮나요? 항공업! 2020년 관광산업 결산 ＃코로나 ＃항공 ＃극복 ＃대한항공 ＃아시아나항공 ＃티웨이 ＃진에어 ＃제주항공 ＃에어서울,여행상인
2021-11-24,56570.0,902.0,0.0,72.0,항공 +코로나 -스포츠,[승무원vlog] 크루가 모자라서 쿠항공에 생기는 일🧐 / 일해라 April💃 / after 코로나 /요즘 비행일상✈️ / 데드헤딩 파티🥁 / 쿠웨이트항공,April
2022-10-29,88152.0,1444.0,0.0,92.0,항공 +코로나 -스포츠,좋다는 얘기만 들었는데 막상 탑승해보니... | 싱가포르항공 비즈니스석 리뷰,또 떠나는 남자 ddoddunam
2020-04-27,183.0,10.0,0.0,0.0,항공 +코로나 -스포츠,[영상] 이스타항공 노조 &quot;코로나19는 핑계&quot; 정리해고 중단 촉구,서남투데이
2020-04-01,109.0,10.0,0.0,5.0,항공 +코로나 -스포츠,심상정 항공노동자 방문 &quot;코로나 19로 인한 노동 위기를 전면에서 해결하겠다&quot;,NEWS 정말
2020-04-11,184.0,8.0,0.0,4.0,항공 +코로나 -스포츠,[360VR] 나나이모 비행 (코로나 前) | Aviation | Canada | Cross Country | 비행 | 항공유학 | 야외비행,Fly Vancouver
2022-03-25,1848.0,8.0,0.0,1.0,항공 +코로나 -스포츠,코로나 끝? 아시아나 항공 주가 왜 이래? #shorts,돈탐정사무소
2020-11-17,4535.0,42.0,0.0,14.0,항공 +코로나 -스포츠,"[이철희의 정치쇼] 11월 17일(화) 대한항공 아시아나 통합, 과제는 / 코로나 시대 온라인으로 가상 마라톤 / 휴대전화 비번공개법, 추미애의 입장은 / 검찰 월성원전 수사상황은",SBS 시사교양 라디오 - 시교라
2021-10-07,1065.0,30.0,0.0,1.0,항공 +코로나 -스포츠,"[최재원의 도전 백전백승]  위드코로나 관련 항공주 &#39;아시아나항공&#39; 종가베팅으로 수익보자 │ 관심종목 (아시아나항공, 위드코로나, 항공주)",서울경제TV
2021-06-10,105.0,13.0,0.0,0.0,항공 +코로나 -스포츠,"코로나가 끝나고 여행을 간다면?(여행, 항공, 숙박편)",한국소비자원 콘텐츠 크리에이터
2022-11-30,1424.0,17.0,0.0,1.0,항공 +코로나 -스포츠,"내년 인천공항 출발 비행기, 코로나 이전보다 늘어난다?..조선·해운·항공 관련 기업, 2023년 실적 전망/ 엄경아 신영증권 연구위원 /@sbs_whatstreet",SBS 경제자유살롱
2020-09-15,304.0,23.0,0.0,6.0,항공 +코로나 -스포츠,코로나19에 속절없이 소멸중인 저비용항공 마일리지 (with CLOVA Dubbing),소비자학교
2021-03-11,2626.0,31.0,0.0,6.0,항공 +코로나 -스포츠,대한항공도 선택한 보잉 737 MAX &#39;추락 사고&#39; 없이 믿고 탈 수 있을까? [이슈톡톡],채널Who
2020-10-30,517.0,19.0,0.0,1.0,항공 +코로나 -스포츠,"항공정비사 교육의 명문, 아세아에서 여행을 떠나요! 코로나 블루 극뽁!",아세아항공직업전문학교
2020-10-20,688.0,16.0,0.0,4.0,항공 +코로나 -스포츠,"대한항공, 아시아나, 제주항공, 에어부산, 티웨이... 항공사는 코로나가 끝나고 과연 잘 될 수 있을까?",채널 DRS- 항공 위키백과 airline wikipedia
2021-07-16,2589.0,85.0,0.0,17.0,항공 +코로나 -스포츠,대한항공 부채비율 1200%→300%..완벽한 현금흐름표 [2021년 1분기 보고서],카운트머니
2021-03-04,48635.0,3054.0,0.0,244.0,항공 +코로나 -스포츠,"카지노, 유통, 항공, 여행, 화장품 I 파라다이스, 강원랜드, GKL I 포스트 코로나 뻔한 승부, 황금바닥주 투자 비법 등 공개",이헌상 황금바닥
2022-03-20,3601.0,29.0,0.0,12.0,항공 +코로나 -스포츠,미국 출국 브이로그 | 인천공항 신속항원 코로나 검사 | 대한항공 강아지 동반 여행,인더민타임 in the mintime
2020-10-17,42779.0,704.0,0.0,99.0,항공 +코로나 -스포츠,[승무원vlog] 코로나 시대 카타르항공 타고 / 갑분 쿠웨이트 가기 / 집 떠나와 24시간 / 쿠웨이트항공,April
2020-04-28,55.0,2.0,0.0,0.0,항공 +코로나 -스포츠,[코로나 사태/ 항공운임 급등에 수입물가 천정부지 치솟아],SBS 이브닝 뉴스 OLD CHANNEL 
2021-06-22,72.0,6.0,0.0,0.0,항공 +코로나 -스포츠,"미 항공 여행객 210만 돌파, 팬데믹 후 최대치 기록 /코로나 19 팬데믹으로 메디케이드 가입자 큰폭증가 / 달라스 강력 범죄 발생 건수 증가 우려 [6월 22일 달코라영상뉴스]",DKTV : DKNET 공식 채널
2020-10-05,459.0,29.0,0.0,0.0,항공 +코로나 -스포츠,코로나 시기에 떠난 여행!? 아세아항공전문학교 시뮬레이션센터에서 경험해 봐요 :),아세아항공직업전문학교
2022-07-13,6520.0,431.0,0.0,18.0,항공 +코로나 -스포츠,"[중국시황] 국제유가 급락! 코로나 봉쇄 우려 딛고 여행, 항공 급반등!!",증시각도기TV
2020-06-11,637.0,36.0,0.0,4.0,항공 +코로나 -스포츠,6월 11일(목) 비즈니즈투데이 - 코로나 충격… 대한항공 객실승무원 최대 1년 무급휴직 실시,디지틀조선TV
2022-05-06,508.0,20.0,0.0,4.0,항공 +코로나 -스포츠,FAQ.4 항공정비사) 저는 일반대학교 비전공자입니다!,김종복_아퀼라항공TV
2021-01-06,478.0,1.0,0.0,0.0,항공 +코로나 -스포츠,서울영상광고제 2020 Creative은상 수상소감-아시아나항공-2020 코로나프로젝트편,서울영상광고제
2022-07-15,331.0,6.0,0.0,0.0,항공 +코로나 -스포츠,대한항공 (003490) - 마지막보스 코로나 하나 남았습니다.,허브경제TV
2022-11-06,561.0,1.0,0.0,0.0,항공 +코로나 -스포츠,제로코로나 해제 #아모레퍼시픽 #대한항공 #하나투어 #롯데관광개발,머니나우
2021-09-13,1512.0,70.0,0.0,8.0,항공 +코로나 -스포츠,[VLOG]코로나 시국! 런던-도하-서울 비지니스 클래스 체험기(feat. 카타르항공),이건 Gun Lee의발품스토리 TV
2020-02-09,2728.0,25.0,0.0,3.0,항공 +코로나 -스포츠,[아시아나항공 사내방송] 신종 코로나 바이러스 대책 - 기내 공기 감염 낮은 이유 - CSR 페스티벌 - 매각 진행상황 정리,아시아나항공 사내방송올티비
2021-08-26,2364.0,19.0,0.0,7.0,항공 +코로나 -스포츠,𝗩𝗟𝗢𝗚 코시국 미국 출국하기 ✈️ • 코로나 음성확인서 • 대한항공 •  미국장보기 • 시차적응,대충살자
2022-10-11,12086.0,92.0,0.0,2.0,항공 +코로나 -스포츠,드디어 일본 갈 수 있다니! 무비자 재개 기념 나고야행 대한항공 기내식 #shorts,먹낙 - 먹는게 낙
2020-11-19,319.0,6.0,0.0,0.0,항공 +코로나 -스포츠,대한항공(003490)- 백신 운송 기대감과 코로나 확진자수 증가... 그리고 아시아나 인수건까지... 노이즈가 많습니다.,AP투자연구소 김용재소장
2021-03-27,108.0,0.0,0.0,0.0,항공 +코로나 -스포츠,“코로나19도 버거운데”…대한항공·아시아나 오너 리스크에 발목 잡히나 外 [위클리 e뉴스],이뉴스TV
2022-06-30,310.0,6.0,0.0,2.0,항공 +코로나 -스포츠,필리핀 여행가서 코로나 검사받기 필리핀항공 국내선 타고 시아르가오섬을 다녀왔습니다!,AID K
2020-09-17,43995.0,661.0,0.0,27.0,항공 +코로나 -스포츠,뜨악! 전세계 유일 흑자 항공사 대한항공! 코로나로 여객기 97%가 줄어들었는데 도대체 어떻게?,포셔 PD - 경제 쏙쏙
2021-12-21,137.0,4.0,0.0,0.0,항공 +코로나 -스포츠,[항공서비스] 코로나로 못 나간다고요?✈️ 존(중하며)버(티)는🙏 여러분께 알려드리는 항공서비스 진출전략,월드잡플러스
2020-02-23,5814.0,152.0,0.0,183.0,항공 +코로나 -스포츠,🛫조종사도 쉬게 만드는 코로나// 항공업계 어택🛫,FLY K
2022-04-16,3695.0,80.0,0.0,23.0,항공 +코로나 -스포츠,(해외여행)스테이크 맛집 -대한항공 프레스티지 스위트 A330 - 코로나 시대 태국 여행,식탐 많은 거미의 여행 spider traveler
2021-02-25,531.0,6.0,0.0,5.0,항공 +코로나 -스포츠,대한항공 제비회 복면가왕 4 MATTINATA by 코로나곧끝나겠조로,제비튜브 / JEBITUBE
2020-02-10,99.0,5.0,0.0,0.0,항공 +코로나 -스포츠,&#39;신종 코로나&#39; 사태에 항공사 CEO 만난 김현미 국토부 장관 &quot;항공업계 적극 지원할 것&quot;,저스트 원미닛
2020-09-28,164.0,4.0,0.0,0.0,항공 +코로나 -스포츠,대한항공(003490)-코로나백신이 나왔을때 가장 크게 수혜를 받을 수 있는 업종,AP투자연구소 김용재소장
2022-10-04,1252.0,126.0,0.0,0.0,항공 +코로나 -스포츠,영진전문대 호텔항공관광과 코로나 위기 속 저력 발휘 경북도민방송TV,경북도민방송TV
2021-12-18,10088.0,55.0,0.0,15.0,항공 +코로나 -스포츠,"미국에서 한국입국 | 대한항공 프레스티지, LAX 칼라운지, LA 무료 코로나 검사, 하루만에 결과",제니퀀 Jennykwon
2020-03-02,400.0,7.0,0.0,3.0,항공 +코로나 -스포츠,"에티하드 항공 탑승 후기/ 코로나, 영국 입국심사 괜찮을까? (도쿄 to 런던)",Somanydana
2022-04-12,211.0,1.0,0.0,0.0,항공 +코로나 -스포츠,[AI뉴스룸] 코로나 &#39;엔데믹&#39;…항공 관련 종목 기대감 상승,TV프라임
2021-03-01,285.0,5.0,0.0,2.0,항공 +코로나 -스포츠,2021 인천공항 모습:코로나여행 에미레이트항공 타러 갑니다! Covid19 Travel to Dubai by Emirates,Safari SaLong
2020-02-26,417.0,1.0,0.0,0.0,항공 +코로나 -스포츠,"대한항공, 승무원, 코로나 확진 전 LA노선에 투입(02.25.2020) 한국TV 8시 데일리 뉴스",한국TV HankookTV
2020-05-06,7189.0,39.0,0.0,13.0,항공 +코로나 -스포츠,[REVIEW/리뷰] 인천-뉴욕행 아시아나 항공 A350 비즈니스 스마티움 &amp; 라운지 이용 후기 | 코로나 뚫고 미국으로 출국하기,MINIJOEY 미니조이
2021-09-04,422.0,4.0,0.0,0.0,항공 +코로나 -스포츠,코로나 여행: 터키항공을 타고 이집트 가요! 코로나 만석이라니 !!Covid19 travel to Egypt by Turkish Airlines,Safari SaLong
2021-11-18,532.0,6.0,0.0,0.0,항공 +코로나 -스포츠,"[기업분석]대한항공, 위드 코로나 훈풍 기대감 확대 … &quot;시작된 보복 소비&quot; 실적 확대 전망",BR경제 TV
2020-04-03,437.0,18.0,0.0,8.0,항공 +코로나 -스포츠,코로나 사태로 러시아 항공운행중단. 러시아에 갇혔어요. 살려줘요.,마술사 문태현 MOON TAE-HYUN magic
2020-02-09,1646.0,27.0,0.0,0.0,항공 +코로나 -스포츠,[아시아나항공 사내방송] 신종 코로나 바이러스 조치 &amp; 기내 감염 가능성 낮은 이유?,아시아나항공 사내방송올티비
2021-01-26,1154.0,13.0,0.0,3.0,항공 +코로나 -스포츠,코로나19도 유상증자도 이겨낸 대한항공 - 메가톤급 기업이 될 건데 왜..? :: 박명석:D의 시장 이야기,명석로그 Myung Seok Log
2020-03-09,2119.0,18.0,0.0,2.0,항공 +코로나 -스포츠,코로나19 속 마스크 쓰고 탑승한 대한항공 제주노선 보잉737-900 기종 이코노미탑승기 | Korean Air B737-900 Domestic Jeju to Seoul,세계항공백과 FLYING TOM
2022-02-23,2543.0,28.0,0.0,11.0,항공 +코로나 -스포츠,VLOG 난생처음 미국행 ㅣ 델타항공 ㅣ 미국주재원 ㅣ 코로나시국에 미국행 ㅣ 미국라이프 ㅣ공항수하물 붙이기,"자급자족, 양파"
2020-04-19,832.0,17.0,0.0,1.0,항공 +코로나 -스포츠,티웨이항공 코로나 극복 감성방송,우주트래블
2022-08-29,95.0,8.0,0.0,1.0,항공 +코로나 -스포츠,"[0829 LIVE] 제주항공, 코로나19 이후 세 번째 유상증자 결정",공시줍줍
2020-06-29,46.0,1.0,0.0,0.0,항공 +코로나 -스포츠,2020 05 29 코로나 이겨내고 아시아나 항공타고 LA 랜딩,Kim Liz
2022-03-16,19302.0,1352.0,0.0,44.0,항공 +코로나 -스포츠,"(월가의 추천주식) 위드코로나 시대, 항공주나 호텔주식을 살까? 그냥, 테슬라를 살까? #테슬라주식전망 #여행업주식전망",미국주식으로 은퇴하기 - 미주은
2021-07-03,1316.0,26.0,0.0,16.0,항공 +코로나 -스포츠,"💂🏼‍♀️ 런던 브이로그 VLOG / 대한항공 이코노미타고 영국 다시 입국 하기, 영국 자가격리, Randox 셀프코로나테스트",향남작녀
2022-05-10,199.0,0.0,0.0,0.0,항공 +코로나 -스포츠,MZ세대들이 선호하는 직업!서비스직종! 항공산업이 코로나로 어려워도 그녀들의 지치지않는 서비스업에 대한 사랑~♡,전문가양성윙스
2020-08-26,210.0,9.0,0.0,4.0,항공 +코로나 -스포츠,덕분에 챌린지 [청년항공],청년항공
2021-04-14,574.0,8.0,0.0,1.0,항공 +코로나 -스포츠,[인하항공직업전문학교] 우리 학교가 코로나19에 대응하는 방법!,인하항공직업전문학교
2020-02-01,442.0,6.0,0.0,4.0,항공 +코로나 -스포츠,[sky vlog] #아시아나 항공 비즈니스석 (🇹🇷터키 - 🇰🇷인천) | 코로나바이러스 미워 ㅠㅠ | 같이 한국가요!,yuristory
2022-04-18,1816.0,4.0,0.0,0.0,항공 +코로나 -스포츠,여행 #항공 #비행기 #출퇴근 #떠나자 #코로나 #격리해제 #거리두기해제 #일상회복 #김포공항 #부산 #서울 #출퇴근,출퇴근이 여행
2020-03-29,1039.0,20.0,0.0,11.0,항공 +코로나 -스포츠,대한항공 공항지상직의 모든 것 &amp; 코로나 19영향ㅣ인천공항ㅣ휠체어 서비스ㅣ패밀리 서비스ㅣ한가족 서비스ㅣ해외여행ㅣPR(프레스티지) 클래스 라운지ㅣ게이트,어라이브 arrive
2022-01-23,114023.0,277.0,0.0,20.0,항공 +코로나 -스포츠,"[한진家가계도]대한항공! 조양호,조원태,조현아,조현민 직계가족(2022! 코로나 종결! 대한항공 떡상가자!)",JB KING! 족보왕!
2020-11-11,2074.0,17.0,0.0,2.0,항공 +코로나 -스포츠,[용호] 티웨이항공 코로나 피해주 항공주 중 유일하게 상한가. 테마주로 변모할 것인가?,주식으로 슈퍼직장인
2021-04-22,67.0,3.0,0.0,0.0,항공 +코로나 -스포츠,호텔관광항공 소식 아홉번째 | 장기투숙 고객 유치로 코로나시대를 버텨내라!,세종사이버대학교 호텔관광경영학과
2020-09-07,316.0,3.0,0.0,2.0,항공 +코로나 -스포츠,항공정비사연구소 극악타천 과기전TV 콜라보 방송 코로나 이제 그만,항공정비사연구소
2020-03-02,499.0,32.0,0.0,10.0,항공 +코로나 -스포츠,제주항공 그리고 코로나 사태가 미국경제에 끼치는 영향에 대해 나는 이렇게 접근한다,James Lee
2020-05-05,481.0,10.0,0.0,1.0,항공 +코로나 -스포츠,필리핀항공 프리미엄이코노미 | 코로나로 오랫동안 비행기를 못탄 분들을 위한 힐링용 탑승체험영상 / Philippine Airlines Premium Economy Review,세계항공백과 FLYING TOM
2022-12-07,685.0,66.0,0.0,1.0,항공 +코로나 -스포츠,[화장품 항공 여행] 중국 한국 코로나 정책 변화와 수혜주,인천여우와 주식사냥
2020-12-09,452.0,9.0,0.0,2.0,항공 +코로나 -스포츠,대한항공(003490)- 코로나 백신 원료 국내 최초로 &#39;콜드체인&#39; 수송,AP투자연구소 김용재소장
2020-11-25,78.0,0.0,0.0,0.0,항공 +코로나 -스포츠,전북 코로나 재확산·전주 항공대대 소음 고통,헬로! 전북 - LG HelloVision
2020-12-07,663.0,25.0,0.0,4.0,항공 +코로나 -스포츠,[36TV]코로나19 직격탄! 항공업계전문가!! 퇴사후 25일만에 월매출 700!! 전략은? 위탁판매 배송대행 3MRO!,36TV
2022-06-30,1146.0,18.0,0.0,18.0,항공 +코로나 -스포츠,🇪🇸[VLOG]30시간 만에 도착한 세비야/코로나검사/터키항공 후기/이스탄불 경유/세비야 숙소/세비야 대성당/세비야 맛집/이사벨2세다리l노답투어/스페인 세비야 브이로그,친절한 노답투어
2022-08-08,295.0,10.0,0.0,0.0,항공 +코로나 -스포츠,🇺🇿 우즈벡여행 3탄 | 코로나검사 힐*호텔 먹튀 우즈벡항공 국시맛집 오오티디 😦,Krystal Kim
2022-01-12,749.0,11.0,0.0,2.0,항공 +코로나 -스포츠,코로나로 인해 텅빈 방콕발 인천행 타이항공 해외입국과정입니다#코로나여행#태국귀국#코로나해외입국#태국입국#눕코노믹,JAZZNAMU
2020-07-08,7802.0,86.0,0.0,41.0,항공 +코로나 -스포츠,코로나로 반백수가 된 항공정비사의 이야기...들어보실래요?,항공정비사바카닉 barchanic
2020-10-22,168.0,1.0,0.0,0.0,항공 +코로나 -스포츠,대한항공(003490)-코로나 백신 수송에 대한 기대감과 환율의 하락까지... 판은 깔리고 있다.,AP투자연구소 김용재소장
2022-12-02,168.0,2.0,0.0,0.0,항공 +코로나 -스포츠,대한항공 주식종목분석_앤트맨의주식채널 #항공주 #대한항공 #아시아나항공 #코로나19 #화물항공 #아시아나합병,앤트맨의주식채널
2022-03-05,1194.0,12.0,0.0,0.0,항공 +코로나 -스포츠,대한항공 주가 전망 코로나 개선과 합병 기대감 여기에 전쟁으로 인한 변수까지 이제 기대해도 될까?,주식대가
2021-10-18,946.0,246.0,0.0,89.0,항공 +코로나 -스포츠,#데브시스터즈 #카카오게임즈 #컴투스 #게임주 #CGV #대한항공 #위드코로나 #리오프닝 #항공주,@e편한 주식투자
2020-04-27,282.0,16.0,0.0,0.0,항공 +코로나 -스포츠,"항공사 위기상황 분석 : 대한민국, 항공의 수를 줄여야 한다! (코로나 이전 항공업계 분석 시리즈 세번째)",채널 DRS- 항공 위키백과 airline wikipedia
2021-02-25,2576.0,15.0,0.0,20.0,항공 +코로나 -스포츠,[꿈윙TV] 항공과 가도 될까? 코로나19 이후 항공산업 전망,연희쌤
2020-12-04,230.0,13.0,0.0,7.0,항공 +코로나 -스포츠,또히가족 코로나 공항 브이로그 (에미레이트 항공타고 이집트 카이로-두바이-대한민국 인천),또히안녕DoheeHi
2021-02-16,8367.0,257.0,0.0,422.0,항공 +코로나 -스포츠,"코로나 끝나면 항공주가 대박 터트리지 않을까? - JETS, LUV, DAL, AAL, UAL, BA, AC, GD, RTX, LMT, NOC",천수르
2021-05-24,430.0,27.0,0.0,,항공 +코로나 -스포츠,대한항공 / 파버나인 / 지니뮤직 / 마이크로디지탈 / 여행주 / 코로나 / 항공주 / 백신 수송 / 메타버스 / 모더나 / 세포배양 / CBDC / 로지시스 / 케이씨티,오공주차트룸
2020-08-31,269.0,3.0,0.0,2.0,항공 +코로나 -스포츠,항공정비사연구소 극악타천 과기전TV 코로나극복 방송,항공정비사연구소
2021-08-08,1460.0,12.0,0.0,1.0,항공 +코로나 -스포츠,대한항공 비즈니스석 리뷰 / 코로나 후 KAL 라운지 변경사항,규보트유보트
2021-10-02,36516.0,2967.0,0.0,125.0,항공 +코로나 -스포츠,"코로나경구용치료제개발(머크)다우+1.48%상승,항공여행디즈니산업재상승10년물국채금리하락 빅테크상승,다음주국내주식시장영향은?",TV주식의 강해
2020-10-16,633.0,5.0,0.0,0.0,항공 +코로나 -스포츠,코로나기간 에티오피아항공 비지니스석 리뷰 + 공항라운지 Ethiopian Airlines Business Class+ Lounge,Safari SaLong
2021-01-06,1048.0,32.0,0.0,2.0,항공 +코로나 -스포츠,[Eng]싱가포르로 출국하는 브이로그 | 코로나 격리 | 싱가포르  항공 | Korea to Singapore | Covid Quarantine | Singapore airline,새새모 Saesaemo
2021-11-21,799.0,34.0,0.0,10.0,항공 +코로나 -스포츠,eng) London Vlog 🇬🇧  코로나 시국에  대한항공 타고 출국 ✈️| 영국 야경 | 한국음식 사기 | 타워브릿지 (feat. 택시타기 꿀팁) | 영국 유학생 브이로그,About Seoyeon
2021-12-22,111.0,,0.0,,항공 +코로나 -스포츠,대한항공 이제 코로나 변이에 두려워 말고 최대 실적에 주목하자!!,혼잣말 주식
2021-09-14,150.0,22.0,0.0,26.0,항공 +코로나 -스포츠,"급등 임박한 위드코로나 승부주 전격 공개!(급등주 포착, 여행 관련주, 항공 관련주, 참좋은여행, 노랑풍선)",주식라이브
2022-10-27,68704.0,861.0,0.0,88.0,항공 +코로나 -스포츠,tokyo vlog🛫 무비자 입국 근황🛎 코로나 이후 첫 도쿄여행. 제주항공. 쇼핑도 빼놓을 수 없지🎱 이치란라멘.모토무라.야키니쿠.브런치 맛집,지영월드ZYOUNGWORLD
2022-07-07,335.0,4.0,0.0,1.0,항공 +코로나 -스포츠,"대한항공 (003490) - 이제 좀 올라가나 했는데, 코로나?",허브경제TV
2020-08-19,5885.0,71.0,0.0,24.0,항공 +코로나 -스포츠,코로나로 흔들리는 항공주? 대한항공은 어떻게 될까?,알렉스강의 주식이야기
2022-02-08,275.0,9.0,0.0,,항공 +코로나 -스포츠,[제주항공] 위드코로나 기대/항공주 기술적 반등!? 과감한 매도가 수익을 만든다,영스톡
2021-08-10,147.0,4.0,0.0,1.0,항공 +코로나 -스포츠,"[종목진단] 하이즈항공(221840) 포스트 코로나시대, 항공기 부품주에 관심! | 2021.08.10(화)",나폴레옹tv
2021-03-07,360.0,7.0,0.0,2.0,항공 +코로나 -스포츠,2021 코로나여행: 에미레이트항공 타고 15년만에 두바이 다시 왔어요+ Dubai Park Regis Hotel Review,Safari SaLong
2022-07-10,222.0,8.0,0.0,1.0,항공 +코로나 -스포츠,"2022 하반기 분야별 투자 해볼만한 기업들 두번째, 항공운송업 턴어라운드, 코로나19 재유행 공식화",투머치팍_마음만은 가치투자
2022-07-02,4936.0,22.0,0.0,14.0,항공 +코로나 -스포츠,[VLOG]✈️🇺🇸미국 출국 브이로그!코로나 음성 검사지 필요없다고?|델타항공 후기|애틀랜타 직항|Going to america |미국입국 코로나음성검사지 폐지|미국입국서류정리,에이프릴23 APRIL23
2021-08-26,376.0,24.0,0.0,2.0,항공 +코로나 -스포츠,"[주식투자] 위드코로나 시대 수급투자 유망주 7선(여행,항공,공연,화장품,폴더블폰 등)",이웃집 트레이더 -구본영
2020-11-12,324.0,4.0,0.0,1.0,항공 +코로나 -스포츠,[용호] 대한항공 코로나 피해주 한템포만 더 지켜보자,주식으로 슈퍼직장인
2021-09-18,2093.0,60.0,0.0,30.0,항공 +코로나 -스포츠,"(해외여행)저 태국 푸켓가요!싱가포르항공 바뀐 규정 안내,아고다로 호텔 예약 후 SHABA ID 받는법,푸켓코로나검사 PSAS 예약방법",식탐 많은 거미의 여행 spider traveler
2022-08-12,25938.0,260.0,0.0,53.0,항공 +코로나 -스포츠,비엣젯항공 좌석 예매 모든 것을 꼼꼼하게 알려 드립니다!/ 베트남 다낭 나트랑 푸꾸옥 호치민 하노이  달랏 껀터 하이퐁 여행 직항 항공권 예약 사전 좌석  기내식 위탁 수화물,여행도 열심히 (N잡러)
2021-10-07,277.0,10.0,0.0,0.0,항공 +코로나 -스포츠,대한항공 (003490) - 위드 코로나,허브경제TV
2021-10-15,315.0,35.0,0.0,19.0,항공 +코로나 -스포츠,WITH 코로나 이후의 주식투자(#대한항공 #아시아나항공 #GKL #강원랜드 #코텍 #무쏘TV #주식투자 #장기투자 #안전한투자),무쏘TV서정구 대표
2022-10-08,196.0,2.0,0.0,0.0,항공 +코로나 -스포츠,"[다시 다가오는 코로나 피해주의 주가하락] 대한항공, 제주항공, 티웨이항공, 아시아나항공",M경제
2020-02-02,77.0,0.0,0.0,0.0,항공 +코로나 -스포츠,현대캐피탈 스카이워커스 skywalkers 대한항공점보스전 코로나바이러스 고열 체크 korea pro volleyball,Kim Joony
2021-01-24,90721.0,688.0,0.0,187.0,항공 +코로나 -스포츠,"🇹🇭01.코로나 음성, 태국으로 출국(feat. 29900원짜리 대한항공 비지니스석)",베지트립 Veggie trip
2022-10-15,3104.0,42.0,0.0,18.0,항공 +코로나 -스포츠,[파리 여행] 여자 혼자 파리 여행🇫🇷 l 사우디아항공 경유 l 프랑스 파리 l 생일 날 도착한 파리 l 여행 브이로그 l 코로나 해외여행,에브리지은
2021-03-24,675.0,8.0,0.0,1.0,항공 +코로나 -스포츠,대한항공 유상증자 추가상장 완료. 코로나 재유행 우려에 주가 괜찮나?,주식으로 슈퍼직장인
2021-06-01,1112.0,44.0,0.0,,항공 +코로나 -스포츠,한국공항 코로나 백신효과로 항공지상 조업수요 회복 및 대한항공 아시아나항공 합병 효과 수혜,태린이아빠
2021-09-27,1097.0,48.0,0.0,3.0,항공 +코로나 -스포츠,"대한항공 위드 코로나로 상승흐름, 대한항공 목표가는? - 대한항공 5분이면 다 해결됩니다!",주식 프로트레이더 최강주
2022-01-23,307.0,14.0,0.0,1.0,항공 +코로나 -스포츠,(미국) 코로나에 대한항공 타고 미국에서 한국가기 (워싱턴DC-인천) (USA) From the US to Korea by Korean Air for Corona,행복한 선물 사랑이
2021-07-16,1021.0,22.0,0.0,4.0,항공 +코로나 -스포츠,코로나로 급락했지만 대한항공을 추천하는 이유,hk투자그룹
2020-04-25,210.0,3.0,0.0,2.0,항공 +코로나 -스포츠,항공방제일지 4탄 자동드론으로 코로나19 방역하기!  XAIRCRAFT P20 지페이(2018) 양평군드론연합회,씨누크TV
2020-08-29,5531.0,,0.0,14.0,항공 +코로나 -스포츠,코스모 스위트 2.0 체험기 l 코로나 뚫고 한국가요 🥺 대한항공 퍼스트 클래스 타고 우아하게 런던에서 인천으로 탈출하기 🥶👩‍💻🧤🌎✈️,jj l
2021-10-13,727.0,4.0,0.0,1.0,항공 +코로나 -스포츠,대한항공(003490) - 위드코로나 대표주! 하지만..,AP투자연구소 팀 브라보
2021-10-26,355.0,23.0,0.0,3.0,항공 +코로나 -스포츠,&#39;위드코로나&#39;가 실화가 된다... 여행 항공 이런거 말고 숨겨진 수혜주는 없을까? :: 박명석:D의 시장 이야기,명석로그 Myung Seok Log
2021-09-23,361.0,4.0,0.0,1.0,항공 +코로나 -스포츠,[티웨이항공] 세계는 지금 &#39;위드코로나&#39; 주요 항공주 후속주 A부터 Z까지 정밀분석!! 下 #대한항공 #아시아나 #아시아나IDT #티웨이항공 #티웨이홀딩스 #맥머니 #차동환,쩐자사나이 주식연구소
2021-07-09,30780.0,1696.0,0.0,72.0,항공 +코로나 -스포츠,삼성전자 삼성전자우 주가전망 - 코로나 4차 대유행 | 제주항공 주가전망,카이스트 마미손
2021-09-23,848.0,41.0,0.0,,항공 +코로나 -스포츠,위드코로나 아시아나항공(여행주) 누리호~쎄트렉아이,확실한 단타매매기법 전수실전매매기법
2020-09-30,2082.0,20.0,0.0,9.0,항공 +코로나 -스포츠,"ENG)코로나 특가 40만원 비지니스 클래스, 카타르 항공, 한국으로 도피",빵지니 0genie
2022-01-14,18684.0,303.0,0.0,54.0,항공 +코로나 -스포츠,"1. M사 스페인, 포르투갈 일주 에티하드 항공 9일 패키지 여행 장단점 리뷰",패키지 미리보기
2020-10-12,5535.0,135.0,0.0,,항공 +코로나 -스포츠,"사회적거리두기1단계!(아모레퍼시픽,대한항공,아시나나항공,코로나피해주,화장품주,항공주,코스파트너스,관심종목,주식투자)",불사조
2021-12-16,3944.0,32.0,0.0,8.0,항공 +코로나 -스포츠,JFK-ICN/대한항공 비지니스석 후기/ feat.코로나시국/ 고양이도 함께,뉴욕켈로그 🇺🇸
2022-02-05,1039.0,2.0,0.0,0.0,항공 +코로나 -스포츠,"텅 비어있는 아시아나항공 B카운터, 인천국제공항 제 1여객터미널 출국장. 오미크론 바이러스 코로나 확진지 확산으로 공항은 다시 잠잠. 소니카메라 사진 출사. #shorts",티엘TL
2022-04-17,56.0,0.0,0.0,0.0,항공 +코로나 -스포츠,아시아나항공 tv cf 위드코로나 버젼,이허니
2021-07-15,1572.0,22.0,0.0,8.0,항공 +코로나 -스포츠,정원의 투자일기 51편 / 15.054% / 아시아나항공 거래 재개 코로나 영향성은?,정원의투자일기
2021-09-26,336.0,16.0,0.0,0.0,항공 +코로나 -스포츠,"[대한항공] 이젠 다시 날아오를 시간, 위드코로나 최고 수혜주, 대한항공 분석, 대한항공 주가!",종투의 투자스토리
2022-06-05,5600.0,46.0,0.0,21.0,항공 +코로나 -스포츠,나홀로 싱가포르 여행🧸 | 롱디커플 | 스쿠트항공 후기 | 시아로그 | 코로나 최신 규정 | 브이로그,시아_log
2022-02-07,99.0,4.0,0.0,1.0,항공 +코로나 -스포츠,"[2월 둘째주 시읽남] - 대한항공, 위드코로나 대장주 드디어 비상하나?",위캔스탁
2021-09-04,307.0,15.0,0.0,0.0,항공 +코로나 -스포츠,[주식드림]위드코로나관련주 항공 여행주 공부 아시아나항공 대한항공 하나투어 참좋은여행 실적 턴어라운드 종목공략,주식드림
2020-04-03,1523.0,17.0,0.0,5.0,항공 +코로나 -스포츠,[VLOG] 항공과 동기들이 만났다!!! 코로나로 미뤄진 생일파티에 공주되기 성공적(?) 👸🏻 미스대구출신👑 브이로그/모은카페/단골손님/푸를청록,챙한날
2022-02-15,12211.0,250.0,0.0,51.0,항공 +코로나 -스포츠,4. K사 터키일주 《국내선 1회》 터키 항공 10일 패키지 여행 장단점 리뷰,패키지 미리보기
2020-07-30,2377.0,49.0,0.0,19.0,항공 +코로나 -스포츠,코로나걸리면 2억준다고? 조종사가 바라보는 코로나와 항공산업.,에너지원 ENERGYWON - UDT 출신 조종사 이야기
2021-01-18,16088.0,111.0,0.0,48.0,항공 +코로나 -스포츠,코로나 시국 캐나다🇨🇦(밴쿠버)로 일하러 갑니다 / 대한항공 프레스티지석 사육,지유시간 JeeU
2021-11-02,1430.0,53.0,0.0,0.0,항공 +코로나 -스포츠,&quot;위드 코로나 시작&quot; 관련  수혜주 정리(#하나투어 #모두투어 #대한항공 #호텔신라 #롯데관광개발 #CJ CGV#무쏘TV #테마주공략 #위드코로나),무쏘TV 김실장
2021-08-30,8247.0,248.0,0.0,21.0,항공 +코로나 -스포츠,"태국 국내선 항공, 다시 열리면서 가격파괴까지! / 태국의 방역정책 위드 코로나로 가나.. / 태국의 봉쇄조치 얼마나 풀리나",코린 아시아 TV Korin Asia
2021-09-15,100.0,4.0,0.0,0.0,항공 +코로나 -스포츠,"[콕스톡][위드코로나 관련주] 호텔신라, 하이브, 대한항공, 아시아나항공, 하나투어",콕스톡TV
2021-06-03,3016.0,164.0,0.0,24.0,항공 +코로나 -스포츠,"타이항공, 7월부터 유럽발 푸켓행 직항편 개시 ! 인천발 직항도 곧 재개될 것 / 그러나 잇달아 변이를 일으키는 코로나, 태국. 인도. 베트남등 계속 초토화되는 동남아시아!",코린 아시아 TV Korin Asia
2022-08-31,645.0,8.0,0.0,1.0,항공 +코로나 -스포츠,"코로나시국 신혼여행, 에티하드항공, 기내식, 스위스여행",챜혬쀼
2021-10-22,110.0,7.0,0.0,0.0,항공 +코로나 -스포츠,"[문진석의원, 2021 국정감사] 국토교통부 종합감사 위드코로나, 항공업계 일상회복 대책필요!",문진석TV
2021-10-05,4580.0,293.0,0.0,18.0,항공 +코로나 -스포츠,"[ 위드 코로나 4인방 ] 하이브, 롯데관광개발, 하나투어, 대한항공",송재우증권TV
2020-03-13,280.0,4.0,0.0,1.0,항공 +코로나 -스포츠,유럽 코로나 상황 위기급상승!! 입국금지 인종차별 항공취소 유럽에서 고립 이탈리아 국가봉쇄 스페인 프랑스 독일 확진자 대폭증가 앞으로 유럽여행 전망 유럽에서 한국 코로나 역유입,SMPE 못하는영어 연구소
2021-09-27,373.0,10.0,0.0,4.0,항공 +코로나 -스포츠,"[9.27] 남북경협(개성공단, 송전), 제약(코로나), OTT/미디어, 항공/위성,  저출산 그외 관심 개별주 움직임 체크",306 나르샤 TV
2022-02-06,1608.0,151.0,0.0,9.0,항공 +코로나 -스포츠,위드코로나 리오프닝 대표 수혜주 / 하이트진로 제주항공 제주맥주 모두투어 차트분석 / 추적할 가치가 있는 종목 10선?,Simpler TV
2021-12-14,902.0,5.0,0.0,0.0,항공 +코로나 -스포츠,"코로나와 함께하는 유럽여행 [1 - 에티하드항공, 샤를드골공항 입국]",밍플릭스KUNO&MING
2020-06-10,184.0,11.0,0.0,4.0,항공 +코로나 -스포츠,[항공사 9년차 직장인 감성 브이로그] episode7. 코로나 장기화ㅣ항공 브이로그,에어로그
2021-09-05,64.0,5.0,0.0,3.0,항공 +코로나 -스포츠,대한항공 위드코로나 여행 일목균형표 분석,시대의창
2020-11-26,10641.0,135.0,0.0,4.0,항공 +코로나 -스포츠,[용호] 대한항공 유상증자 알아보기(코로나 피해주),주식으로 슈퍼직장인
2022-12-07,3466.0,102.0,0.0,4.0,항공 +코로나 -스포츠,"연길, 위해 항공운항 재개 , 출국 전 준비사항? ...중국, 방역완화 했지만...현지 상황 언론보도",김용필의동포세계 EKWtv
2021-10-22,280.0,5.0,0.0,1.0,항공 +코로나 -스포츠,[2021 항공직무졸업작품] (fast하게 달려가고 있는) post코로나시대의 pest분석,대림대학교 항공서비스과
2020-11-09,468.0,13.0,0.0,3.0,항공 +코로나 -스포츠,인하공전 항공과 2021학번 수시1차 기출_코로나/시사/롤플,코어인터뷰
2022-09-17,7245.0,106.0,0.0,40.0,항공 +코로나 -스포츠,"티웨이항공 괌 탑승기 🏝️ 아기들이 운다고?! 😭 의외로 평온했던 괌까지 비행기 코로나 이후 가는 괌 항공편, 비상구석, 그리고 티웨이 기내식까지 정복!",손놈김길수 : 셀카없는 항공 호텔리뷰
2021-03-22,8494.0,54.0,0.0,18.0,항공 +코로나 -스포츠,[쏘노지] 코로나 시기에 대한항공 일등석 코스모스위트 2.0 타고 LA 엘에이 가기 / Korean Air First Class / 퍼스트클래스,Sono Jee 쏘노지
2020-11-16,3474.0,489.0,0.0,38.0,항공 +코로나 -스포츠,"1. 코로나 백신 개발되도 안 끝난다 / 2. 대한항공은 되고 배달의 민족은 안돼! [김준일의 팩트카페] 김준일, 선정수 2020.11.16.",뉴스톱TV
2022-08-14,18345.0,117.0,0.0,32.0,항공 +코로나 -스포츠,비엣젯항공 좌석 / 부산 베트남 다낭 여행 VJ993편 / VJ992편  저가항공 비행기 항공권 A321 비상구 탑승기/ 기내식 수화물 / 김해 공항 비지니스 라운지,여행도 열심히 (N잡러)
2021-09-01,11907.0,,0.0,53.0,항공 +코로나 -스포츠,"괌일상 VLOG 🇺🇸🇬🇺 | 대한항공 일등석 타고 괌으로! 22개월 아기와 심장 쫄깃한 비행 브이로그, KAL 라운지, 인천공항 코로나 검사센터(PCR)",몽몽 mongmong
2020-05-22,2420.0,25.0,0.0,16.0,항공 +코로나 -스포츠,🇰🇷🇺🇸 뉴욕에서 한국으로 직항 귀국 VLOG / 대한항공 / 인천공항 해외입국자 절차 / 코로나 자가격리,SOWHY
2020-11-11,1023.0,12.0,0.0,0.0,항공 +코로나 -스포츠,[VLOG]대면 개강_중원대학교 항공서비스학과 | 대면 수업 | 코로나 극복,중원대학교 항공서비스학과
2020-04-12,2503.0,27.0,0.0,5.0,항공 +코로나 -스포츠,(항공교신) &#39;세계에서 가장 큰 비행기&#39; 러시아 공군 수송기로 배송된 코로나19 진단키트 l COVID-19,위티비 : 항공교신 채널
2022-06-18,9447.0,54.0,0.0,3.0,항공 +코로나 -스포츠,인천 공항 라운지 비교ㅣ마티나 라운지 vs. 대한항공 프레스티지 라운지,디제이썬 DJSUN
2021-06-23,694.0,91.0,0.0,0.0,항공 +코로나 -스포츠,두바이코리아TV:Covid19현황(GCC)항공관련/코로나관련_Dubai KoreaTV#두바이​​​​​​#uae​​​​​​#dubai​​​​​​#아부다비​​​​​​#abudhabi,두바이 코리아 TV
2020-07-04,3863.0,22.0,0.0,2.0,항공 +코로나 -스포츠,[유나이티드 항공] 보잉 787-9/이코노미플러스 후기!!(인천-샌프란시스코) # unitedairlines  #Boeing787-9 #SanFrancisco,샘찌와 떠나는 여행
2022-12-31,120907.0,2185.0,0.0,157.0,항공 +코로나 -스포츠,우주다큐 4편 - 보이지 않지만 분명히 존재하는 암흑물질 / 110억 년 전 초기 우주 초신성 포착,우주아저씨
2020-04-07,946.0,23.0,0.0,11.0,항공 +코로나 -스포츠,"미국 ETF 종류 추천 , 항공 우주 방산주 ITA,  ETF 코로나 회복 관련주",미국주식 황금열쇠
2020-11-16,5.0,0.0,0.0,0.0,항공 +코로나 -스포츠,"20.11.17(화) 중앙일보 1면-코로나발 항공 빅뱅, 세계 7위 국적사 뜬다",매일 2분 뉴스
2020-03-01,71.0,3.0,0.0,0.0,항공 +코로나 -스포츠,코로나19 드론 항공방역,낭만쉐프황사부
2020-03-05,361.0,14.0,0.0,14.0,항공 +코로나 -스포츠,Daily life in 코로나 (항공과 브이로그 / 일상 / 홈베이킹 / 운전면허 / 망원동 투어),yewon.C 예원
2020-07-31,41807.0,489.0,0.0,61.0,항공 +코로나 -스포츠,8월 파산설 베트남 항공!!! 축배 들던 우리은행 어쩌나??? 코로나 항공산업 악화로 항공사 정부 지원 되나???,굿모닝베트남
2020-06-10,3946.0,30.0,0.0,1.0,항공 +코로나 -스포츠,[VLOG] 중원대학교 항공서비스학과ㅣ비대면 강의ㅣ코로나 극복ㅣZOOM 강의,중원대학교 항공서비스학과
2020-11-03,133.0,7.0,0.0,0.0,항공 +코로나 -스포츠,코로나 속 기업들은????(대한항공 편),김혜진
2021-03-15,45.0,8.0,0.0,0.0,항공 +코로나 -스포츠,코로나 시대 항공사가 살아남는 방법 - 베트남 항공 MB와 종합 협력 협약 체결로 숨통을 틔우다. MB측 &#39;21년 가장 편리한 은행&#39; 되겠다. 윈윈 협약 희망!,가자! 베트남
2022-07-28,4440.0,91.0,0.0,27.0,항공 +코로나 -스포츠,"[풀버전] 김정은의 선전포고/ 항공쇼/음악공연/로병들 앞에서 예의차린다고 90도 인사하고는 담배 피우는 김정은?/ 정홍란,김류경은 누구?/눈물흘리는 리설주/코로나는 어디로?",통생통사 강동완TV
2020-03-19,48605.0,1183.0,0.0,,항공 +코로나 -스포츠,베트남 코로나 확진자 85명 이제는 걷잡을수 없나?베트남 항공은 왜 환불 안해줘?(꽁튜브 미스터조)CONGTUBE2020,CONG TUBE 2020
2021-03-16,1423.0,46.0,0.0,4.0,항공 +코로나 -스포츠,"버진항공, 버진갈락틱이 2027년 2억5천만원에 우주여행 우주호텔 투숙 티켓을 판매한다. 이제는 코로나 피해 우주여행길 떠난다",박영숙미래TV YoungsookPark
2021-06-25,965.0,17.0,0.0,0.0,항공 +코로나 -스포츠,FLY DUBAI FLIGHT OVER DUBAI CITY..❤️,Travel vlogs Punjabi
2022-04-17,5793.0,138.0,0.0,27.0,항공 +코로나 -스포츠,[태국팻차분]동남아가정집 명절에 초대받아,쏨튜브SSomtube
2022-12-23,51.0,3.0,0.0,0.0,항공 +코로나 -스포츠,[한국우주항공] [긴급속보] 폭등 임박! 주주분들 필수시청! #한국우주항공주식전망,황금바닥주식TV
2021-12-06,9003.0,76.0,0.0,22.0,항공 +코로나 -스포츠,[vlog]동거인이랑 출근하면 공항으로 출근을 해요 | 스케줄근무 그게 뭔데 | 인천공항 브이로그 | 지상직브이로그• 자취생 나참 ~,뚭
2022-11-13,2285.0,51.0,0.0,0.0,항공 +코로나 -스포츠,Manuar of C17 globemaster. Flying beast #c17 #c17globemaster #flyingbeast #iaf #usairforce,Indian soul
2021-10-31,24384.0,189.0,0.0,0.0,항공 +코로나 -스포츠,[vlog] 지옥의 스케줄 근무 | 출근 브이로그 |휴직그리고복직| 공항에서의 3일,뚭
2022-12-31,367.0,9.0,0.0,3.0,항공 +코로나 -스포츠,"VLOG 비행시간13시간.. 스위스 취리히,루체른 둘러보기, 빵 지옥에서 벗어나게 해줘.. 빵 멈춰!",찬쿠나희타타 ChancunaHeetata
2022-05-08,125.0,1.0,0.0,0.0,항공 +코로나 -스포츠,[대한항공] 이날급등나와요,주식투데이
2022-04-23,29.0,0.0,0.0,0.0,항공 +코로나 -스포츠,[대한항공] 이때 파세요,황금종목 주식 tv - 급등종목 관심종목
2022-08-31,21.0,0.0,0.0,0.0,항공 +코로나 -스포츠,[대한항공] 큰일났다! 당장 확인하세요!,주식투데이
2022-04-09,80.0,2.0,0.0,0.0,항공 +코로나 -스포츠,part 1. Ktx 타고 대전 → 서울 → 인천공항 #korea 코로나로 멈췄던 해외여행 다시 시작하는 시점 프리다이빙,Soon's story and music tv
2022-08-31,9.0,0.0,0.0,0.0,항공 +코로나 -스포츠,[아시아나항공] 큰일났다! 당장 확인하세요!,주식투데이
2022-04-20,4184.0,117.0,0.0,25.0,항공 +코로나 -스포츠,[태국우돈타니]태국에서 당근하기,쏨튜브SSomtube
2022-05-09,42.0,1.0,0.0,0.0,항공 +코로나 -스포츠,[대한항공] 큰일났습니다!,황금종목 주식 tv - 급등종목 관심종목
2022-03-19,39.0,6.0,0.0,0.0,항공 +코로나 -스포츠,[홍준석 국어] 앉은 자리에서 바로 끝내는 고전시가 / 청산별곡(작자 미상),준석쌤hyeyumtool_official
2022-07-17,1632.0,111.0,0.0,0.0,항공 +코로나 -스포츠,[ENG-PT-KR] [국제커플] Viajando para Coreia do Sul l Visto K-eta l LDR  - #vlog #southkorear,BANGTANTV - BTS
2022-12-20,33.0,,0.0,0.0,항공 +코로나 -스포츠,[무료 급등주 주식 종목 추천] 12월 21일 무료추천주 내일 시초가 부터 10배 무조건 터지는 딱 1종목! 50배 전초전 한국항공우주,차트마법사 - 주식영웅
2022-10-08,338.0,8.0,0.0,0.0,항공 +코로나 -스포츠,[진원생명과학] 충격속보! 주주분들 필수시청!,황금바닥주식TV
2021-04-30,9.0,5.0,0.0,0.0,항공 +코로나 -스포츠,Shifa A rahi hai Muhammad ke sahr se | Har dard ki dawa hai Muhammad ke sahar me | M....,☪︎ Ansari Agency
2022-12-20,99.0,,0.0,0.0,항공 +코로나 -스포츠,[무료주 급등주 무료추천주] 12월 21일 급등예고 [한국항공우주] 여기서 상승 나와요!,MTNGOLD - 급등주 주포따라잡기
2022-05-12,27.0,0.0,0.0,0.0,항공 +코로나 -스포츠,[휴마시스] 하락장의 끝을? 공개합니다! 13일] 이렇게하셔야합니다,황금종목 주식 tv - 급등종목 관심종목
2022-07-14,5.0,0.0,0.0,0.0,항공 +코로나 -스포츠,-속보- [미코바이오메드] -07/14- &#39;이렇게만 하면 수익&#39; #미코바이오메드전망 #미코바이오메드 #한국비엔씨,황금종목 주식 tv - 급등종목 관심종목
2022-07-22,233.0,6.0,0.0,0.0,항공 +코로나 -스포츠,-충격속보- [카나리아바이오] [카나리아바이오 주가전망] 22일 이 가격까지 상승해요! #현대사료 #현대사료주가 #현대사료주가전망,황금종목 주식 tv - 급등종목 관심종목
2021-01-20,516.0,10.0,0.0,0.0,항공 +코로나 -스포츠,행복한세은이네 서울키자니아 Seoul Kidzania,백정란TV
2022-12-27,67.0,1.0,0.0,1.0,항공 +코로나 -스포츠,황금바닥TV [퍼스텍] 12월 27일 화요일 북한 무인기 전쟁&amp;드론 #퍼스텍 #드론 #전쟁,황금바닥주식TV
2022-12-20,40.0,,0.0,0.0,항공 +코로나 -스포츠,[무료 급등주 주식 종목 추천] 12월 21일 무료추천주 내일 시초가 부터 무조건 터지는 단타종목 딱 1종목! 푸른저축은행,차트마법사 - 주식영웅
2022-10-10,275.0,6.0,0.0,0.0,항공 +코로나 -스포츠,"주말잭팍 시간외속보 난리났다 [현대바이오] #현대바이오주식전망 모두가 놀랐다, 1분주식",황금바닥주식TV
2022-04-18,2528.0,25.0,0.0,0.0,항공 +코로나 -스포츠,[ 남편 Vlog😎] 몰디브 신혼여행 #3 l 몰디브갈때 드론이 꼭 필요한 이유! 안 가져가면 손해!,남편최우진
2022-12-19,49.0,5.0,0.0,0.0,항공 +코로나 -스포츠,[제주은행] [긴급속보] 폭등 임박! 주주분들 필수시청! #제주은행주식전망,황금바닥주식TV
2021-10-06,110.0,3.0,0.0,0.0,항공 +코로나 -스포츠,[A.Vlog#04] 싱가폴맛집/싱가폴이자카야/싱가포르브이로그/싱가폴일상/함께먹어요/the public izakaya,하니사니 HaniSani
2022-10-14,313.0,5.0,0.0,0.0,항공 +코로나 -스포츠,[한국비엔씨] -시간외속보- 17일 급등예고! 보시면 수익이 납니다,황금바닥주식TV
2022-10-10,152.0,6.0,0.0,0.0,항공 +코로나 -스포츠,[현대바이오] 주주분들의 마음을 사로잡는 매매시나리오 공개! #현대바이오 #현대바이오분석,황금바닥주식TV
2022-10-15,256.0,7.0,0.0,0.0,항공 +코로나 -스포츠,[한국비엔씨] -주말긴급속보- 100%충전완료! 이날 급등 나온다!,황금바닥주식TV
2022-10-17,181.0,9.0,0.0,0.0,항공 +코로나 -스포츠,&#39;시간외속보&#39; [남선알미늄] 주가전망 -10/17- 미리 보셔야 합니다!,차트마법사 - 주식영웅
2022-05-26,58.0,1.0,0.0,0.0,항공 +코로나 -스포츠,[신풍제약] 충격속보,황금종목 주식 tv - 급등종목 관심종목
2022-11-27,252.0,5.0,0.0,3.0,항공 +코로나 -스포츠,"[vlog]내가 전공과다른 일을 하는 이유/외국계 회계 직장인 브이로그/면접꿀팁/직장인 퇴사(D-343)브이로그/회계,경리 계약직  브이로그/외국계회사",면스데이 Noodle's day
2022-10-10,261.0,16.0,0.0,0.0,항공 +코로나 -스포츠,"주말잭팍 시간외속보 난리났다 [가온칩스] #가온칩스주식전망 모두가 놀랐다, 1분주식",황금바닥주식TV
2022-10-12,163.0,2.0,0.0,0.0,항공 +코로나 -스포츠,[대성홀딩스][10/12]■솔직하게 말씀드립니다■◁지금! 확인하셔야 됩니다! ★대응자리★#대성홀딩스 #대성홀딩스주가 #대성홀딩스주가전망 #대성홀딩스주식 #대성홀딩스주식전망,황금바닥주식TV
2022-12-20,278.0,11.0,0.0,0.0,항공 +코로나 -스포츠,황금바닥TV [미래나노텍] 12월 20일 화요일 #미래나노텍 #미래나노텍주가 #미래나노텍주가전망,황금바닥주식TV
2022-10-13,171.0,5.0,0.0,0.0,항공 +코로나 -스포츠,황금빛주식 [현대로템] 10/13 -시간외속보- 대박 여기까지 상승한다 #현대로템주가전망,황금바닥주식TV
2022-12-23,42.0,,0.0,0.0,항공 +코로나 -스포츠,[무료주 급등주 무료추천주] 12월 23일 마감속보 급등예고 [샤페론] 위험합니다,MTNGOLD - 급등주 주포따라잡기
2022-08-17,48.0,3.0,0.0,0.0,항공 +코로나 -스포츠,[한국비엔씨] 오후 속보 보세요! #한국비엔씨 #한국비엔씨주가 #한국비엔씨주가전망,주식메이트
2022-12-12,363.0,8.0,0.0,0.0,항공 +코로나 -스포츠,[미래나노텍] 오후 대박 속보! 큰일났습니다! #미래나노텍주가전망,황금바닥주식TV
2022-04-08,42.0,0.0,0.0,1.0,항공 +코로나 -스포츠,SK바이오사이언스 이때 파세요,황금종목 주식 tv - 급등종목 관심종목
2022-08-17,31.0,1.0,0.0,0.0,항공 +코로나 -스포츠,[한국비엔씨] 이 가격까지는 무조건 온다!,주식메이트
2022-08-18,36.0,0.0,0.0,0.0,항공 +코로나 -스포츠,[한국비엔씨] 이 가격 지키면 이날 급등나옵니다! #한국비엔씨 #한국비엔씨주가 #한국비엔씨주가전망,주식메이트
2022-08-11,22.0,0.0,0.0,0.0,항공 +코로나 -스포츠,[SK바이오사이언스] 이 가격까지는 무조건 온다!,주식메이트
2022-06-05,29.0,0.0,0.0,0.0,항공 +코로나 -스포츠,[동진쎄미켐] 이럴줄 알았다,황금종목 주식 tv - 급등종목 관심종목
2022-08-19,12.0,0.0,0.0,0.0,항공 +코로나 -스포츠,[한국비엔씨] 매수타이밍! 이날 사면 대박 #한국비엔씨 #한국비엔씨주가 #한국비엔씨주가전망,주식투데이
2022-07-29,9.0,0.0,0.0,0.0,항공 +코로나 -스포츠,[네오이뮨텍] 주주분들 필수시청 #네오이뮨텍 #네오이뮨텍주가 #네오이뮨텍전망,주식메이트
2022-07-03,32.0,0.0,0.0,0.0,항공 +코로나 -스포츠,[미코바이오메드] &quot;위험해요!!&quot;,황금종목 주식 tv - 급등종목 관심종목
2022-07-04,206.0,7.0,0.0,0.0,항공 +코로나 -스포츠,[기산텔레콤] &quot;시간외속보&quot; 대박!,황금종목 주식 tv - 급등종목 관심종목
2022-04-29,16.0,1.0,0.0,0.0,항공 +코로나 -스포츠,[카카오] [네이버] [NAVER] 오늘의 주식,주식투데이
2022-08-05,148.0,2.0,0.0,0.0,항공 +코로나 -스포츠,[노터스] 이럴줄 알았다!,주식메이트
2022-08-27,75.0,1.0,0.0,0.0,항공 +코로나 -스포츠,[노터스] 축배를 들어라! 이날 급등나온다,주식투데이
2022-04-11,4280.0,35.0,0.0,0.0,항공 +코로나 -스포츠,[남편시점 Vlog😁] 몰디브 신혼여행 #2 l 자기는 이쁜 사진 안찍어??,남편최우진
2022-06-25,59.0,1.0,0.0,0.0,항공 +코로나 -스포츠,[SK바이오사이언스] 이제 시작합니다!,황금종목 주식 tv - 급등종목 관심종목
2022-12-19,123.0,,0.0,0.0,항공 +코로나 -스포츠,[무료주 급등주 무료추천주] 12월 19일 마감속보 급등예고 [네오이뮨텍] 위험합니다,MTNGOLD - 급등주 주포따라잡기
2022-07-05,21.0,0.0,0.0,0.0,항공 +코로나 -스포츠,-충격속보- [SK바이오사이언스] &quot;한번 더 크게 갑니다!&quot;,황금종목 주식 tv - 급등종목 관심종목
2022-05-06,13.0,1.0,0.0,0.0,항공 +코로나 -스포츠,[GS글로벌] [케이피에프] 오늘의 주식,주식투데이
2022-07-12,50.0,0.0,0.0,0.0,항공 +코로나 -스포츠,-속보- [엑세스바이오] -0712- 급등예고 7월 여기까지 상승,황금종목 주식 tv - 급등종목 관심종목
2022-06-07,512.0,6.0,0.0,0.0,항공 +코로나 -스포츠,"[일동제약, 일동홀딩스] 시간외속보라니!!",황금종목 주식 tv - 급등종목 관심종목
2022-12-20,110.0,,0.0,0.0,항공 +코로나 -스포츠,[무료주 급등주 무료추천주] 12월 21일 급등예고 [케이카] 여기서 상승 나와요!,MTNGOLD - 급등주 주포따라잡기
2022-08-09,213.0,9.0,0.0,0.0,항공 +코로나 -스포츠,[두산중공업] [두산에너빌리티] 터질게 터졌다!,주식메이트
2022-07-04,406.0,10.0,0.0,0.0,항공 +코로나 -스포츠,[SK바이오사이언스] &quot;시간외속보&quot; 대박!,황금종목 주식 tv - 급등종목 관심종목
2022-04-05,259.0,5.0,0.0,0.0,항공 +코로나 -스포츠,SK바이오사이언스 믿었는데..,황금종목 주식 tv - 급등종목 관심종목
2022-07-24,81.0,4.0,0.0,0.0,항공 +코로나 -스포츠,[SK바이오사이언스][SK바이오사이언스 주가전망] 이렇게만 하면 수익 #SK바사 #SK바사전망 #진원생명과학,황금종목 주식 tv - 급등종목 관심종목
2022-05-14,182.0,7.0,0.0,0.0,항공 +코로나 -스포츠,[⁠HMM] [팬오션] 이때 파세요,황금종목 주식 tv - 급등종목 관심종목
2022-04-04,171.0,3.0,0.0,0.0,항공 +코로나 -스포츠,휴마시스 이럴수가..,황금종목 주식 tv - 급등종목 관심종목
2022-08-18,49.0,2.0,0.0,0.0,항공 +코로나 -스포츠,[한국비엔씨] 매수 타이밍! 이날 사면 대박 #한국비엔씨 #한국비엔씨주가 #한국비엔씨주가전망,주식메이트
2022-09-13,4.0,0.0,0.0,0.0,항공 +코로나 -스포츠,[한국비엔씨] 불안해 하지 마세요!,주식투데이
2022-05-12,122.0,3.0,0.0,0.0,항공 +코로나 -스포츠,"[범양건영, 일성건설] 긴급] 대박",황금종목 주식 tv - 급등종목 관심종목
2022-05-12,67.0,0.0,0.0,0.0,항공 +코로나 -스포츠,[DB하이텍] 긴급] 대박,황금종목 주식 tv - 급등종목 관심종목
2022-08-29,10.0,0.0,0.0,0.0,항공 +코로나 -스포츠,[지니뮤직] 지금이 매수 타이밍!,주식투데이
2022-05-20,90.0,6.0,0.0,0.0,항공 +코로나 -스포츠,"[휴마시스,엑세스바이오] 오를수밖에없는이유",황금종목 주식 tv - 급등종목 관심종목
2022-05-25,265.0,2.0,0.0,0.0,항공 +코로나 -스포츠,"[SM C&amp;C, SM LIFE DISIGN] 흔들기 주의!! 여기까지 상승한다!",황금종목 주식 tv - 급등종목 관심종목
2022-06-01,56.0,3.0,0.0,0.0,항공 +코로나 -스포츠,주도주 유니슨 폭등의 시작,황금종목 주식 tv - 급등종목 관심종목
2022-04-13,73.0,3.0,0.0,0.0,항공 +코로나 -스포츠,목표가 공개 SK바이오사이언스,황금종목 주식 tv - 급등종목 관심종목
2022-05-10,58.0,4.0,0.0,0.0,항공 +코로나 -스포츠,[HLB] [HLB글로벌] [에이치엘비] 5월 급등한다,황금종목 주식 tv - 급등종목 관심종목
2022-06-08,77.0,2.0,0.0,0.0,항공 +코로나 -스포츠,[지에스이] [대성에너지] 속보]터졌다,황금종목 주식 tv - 급등종목 관심종목
2022-07-26,75.0,4.0,0.0,0.0,항공 +코로나 -스포츠,ㅡ시간외속보ㅡ 필수시청하세요. [카나리아바이오][카나리아바이오 주가전망][카나리아바이오 주가][카나리아바이오 전망][카나리아바이오 종목분석][카나리아바이오 분석],황금종목 주식 tv - 급등종목 관심종목
2022-07-01,37.0,0.0,0.0,0.0,항공 +코로나 -스포츠,급등주 [일동제약] -07/01- 반드시 급등! #일동제약 #일동제약주가전망 #일동제약주가,황금종목 주식 tv - 급등종목 관심종목
2022-07-15,91.0,2.0,0.0,0.0,항공 +코로나 -스포츠,-속보- [두산에너빌리티][두산중공업] -0715- &#39;정말중요합니다!&#39;,황금종목 주식 tv - 급등종목 관심종목
2022-04-26,61.0,0.0,0.0,0.0,항공 +코로나 -스포츠,[로스웰] [윙입푸드] 목표가 공개,황금종목 주식 tv - 급등종목 관심종목
2022-09-12,17.0,0.0,0.0,0.0,항공 +코로나 -스포츠,[한국비엔씨] -대박속보- 9/13 시나리오 공개,주식투데이
2022-07-03,23.0,0.0,0.0,0.0,항공 +코로나 -스포츠,급등주 [일동제약] -07/01- 반드시 급등! #일동제약 #일동제약주가전망 #일동제약주가,황금종목 주식 tv - 급등종목 관심종목
2022-12-28,30.0,,0.0,0.0,항공 +코로나 -스포츠,[무료주 급등주 무료추천주] 12월 29일 급등예고 [제주은행] 여기서 상승 나와요!,MTNGOLD - 급등주 주포따라잡기
2022-12-29,33710.0,2301.0,0.0,0.0,항공 +코로나 -스포츠,안녕하세요! 12월 29일 13:00,igneyle kuyu kazıyorum
2022-11-16,17059.0,403.0,0.0,79.0,항공 +코로나 -스포츠,심각하게 난리난 육군 상황   1부,군복무위원장
2022-12-05,3742.0,279.0,0.0,0.0,항공 +코로나 -스포츠,"대한민국은 전 세계를 공포에 떨게 합니다.“한국의 역량은 대단하다”.신기술은 핵연료를 넘어.미국은 잊어버려, 이것이 미래의 트렌드",RADYANT
