,viewCount,likeCount,favoriteCount,commentCount,key,title,channel,url,date
0,1092,16,0,3,항공사+주가,대한항공 2023년 주가결정할 아시아나항공 합병 시나리오는 [키워드타임즈],채널Who,https://www.youtube.com/watch?v=xp9uFEuc6IM,2022-12-20
1,632,7,0,0,항공사+주가,"제주항공(089590)... 항공주, 해외여행 본격화… 주가 날개 펼까?_투자 인사이트 (20230119)",이데일리TV,https://www.youtube.com/watch?v=A1clBPuPAwo,2023-01-19
2,477,11,0,0,항공사+주가,저가항공사 주식 추가상승 가능한 이유! (에어부산/티웨이항공/진에어/제주항공),리딩스탁TV (고퀄리티 주식 교육 채널),https://www.youtube.com/watch?v=YWtM1SGJOY0,2023-01-16
3,3249,356,0,5,항공사+주가,"[#찐시황]  2월은 종목장세! 어차피 정답은 실적 /  바닥 친 종목들 중 &quot;주목할 주식&quot; (SK이노베이션, 에코프로비엠)  박진희 부장",815머니톡,https://www.youtube.com/watch?v=LSkrxXgAo4M,2023-02-06
4,3629,38,0,11,항공사+주가,"[투자의신] 아시아나항공, 사지말아야 하는 이유 알려드립니다",토마토투자자문,https://www.youtube.com/watch?v=271oMDbJA7Y,2022-05-23
5,1283,15,0,2,항공사+주가,대한항공(003490)... 항공주_테마IN이슈 (20221024),이데일리TV,https://www.youtube.com/watch?v=07QaqaF9G8E,2022-10-24
6,372,1,0,0,항공사+주가,"[대한항공]대한항공주가,대한항공분석,대한항공목표가,대한항공실적,대한항공종목분석,대한항공주식,대한항공매매전략,대한항공전망,대한항공주가전망,대한항공주식전망",주식그라운드,https://www.youtube.com/watch?v=Q4f5l3KNe0A,2023-02-02
7,6867,521,0,36,항공사+주가,전직 호텔리어가 전하는 항공사주식 &amp; 호텔주식의 전망과 투자가치 #항공사주식전망 #호텔주식전망,미국주식으로 은퇴하기 - 미주은,https://www.youtube.com/watch?v=GXyu-0NnuE8,2022-07-28
8,2927,49,0,1,항공사+주가,대형 항공사 보다 LCC 주목하는 이유!ㅣ가성비 전략ㅣ한국경제TV,한국경제TV,https://www.youtube.com/watch?v=8XGToef_Czo,2022-07-21
9,318,9,0,2,항공사+주가,[대한항공 주가전망]  역대급 영업이익 달성한 대한항공! 유보율 300% 급등! 목표가 38000원 + 무상증자 발표! #대한항공#대한항공주가,주식의 여왕 송가인,https://www.youtube.com/watch?v=jFvRPIMgWxk,2023-02-02
10,246728,1084,0,539,항공사+주가,&#39;투자의 귀재&#39; 워런 버핏 &quot;美 항공사 주식 전량 매각&quot; / YTN, YTN,https://www.youtube.com/watch?v=kjzVILLav1Q,2020-05-04
11,475,7,0,0,항공사+주가,"[대한항공, 아시아나항공]대한항공, 아시아나항공 및 전망 2023.02.02",카이저_,https://www.youtube.com/watch?v=O6f97vvNgUI,2023-02-02
12,2125,22,0,0,항공사+주가,대한항공(003490)... 항공주_테마IN이슈 (20220824),이데일리TV,https://www.youtube.com/watch?v=uspqQzixXuM,2022-08-24
13,1455,56,0,0,항공사+주가,"[오늘장 랭킹5] 여행 수요 폭발 기대감! LCC VS 대형항공사 선택은? / 머니투데이방송 (증시, 증권)",MTN 머니투데이방송,https://www.youtube.com/watch?v=BOz2Cnw2wEE,2023-01-18
14,981,15,0,0,항공사+주가,"제주항공(089590), 쏠리드(050890), 한미반도체(042700)_사가지 (20230201)",이데일리TV,https://www.youtube.com/watch?v=hppJg_DTrWw,2023-02-01
15,40564,1135,0,47,항공사+주가,"끝없이 성장하는 2차전지, &#39;이 주식은&#39; 여전히 쌉니다 (염승환 이사)",김작가 TV,https://www.youtube.com/watch?v=n4Y0yV3TokU,2023-02-05
16,180,2,0,0,항공사+주가,[대한항공 주가전망] 외인/기관 쓸어담은 이유? 지금 매물만 소화하면 날라갑니다. #대한항공 #대한항공주가 #대한항공전망 #대한항공주가전망,시크릿차트남,https://www.youtube.com/watch?v=Lv_PvNIxwXY,2023-02-03
17,32457,2291,0,77,항공사+주가,"[시장함께읽기] 2월 3일, NAVER, 카카오, 게임주의 부활과 종목장세!(애플, 저비용항공사, 삼성전자, XR기기, 주주환원, 리사이클링)",염블리와 함께 [이베스트투자증권],https://www.youtube.com/watch?v=JlQvpC03Pmg,2023-02-03
18,302,12,0,2,항공사+주가,티웨이항공 (091810) - 너무 잘 올라서 그만 찍으려구요,허브경제TV,https://www.youtube.com/watch?v=qdfh8YzuzHY,2023-01-30
19,2032,28,0,0,항공사+주가,[마감 20분] 티웨이항공·미래반도체·삼성바이오로직스 Feat. 에코캡 vs 에스트래픽 박정식 주식디자인연구소 대표 / 김태성 비전경제연구소 팀장,매일경제TV,https://www.youtube.com/watch?v=BWRASwgYHI8,2023-01-30
20,99,1,0,0,항공사+주가,"[티웨이항공] 리오프닝 설연휴 맞이 여행 수요 1만배 급증, 세력 손바뀜으로 추가적인 시세 분출 가능성, #티웨이항공주가전망 #티웨이항공주가 #리오프닝 #여행",주식쟁이,https://www.youtube.com/watch?v=deVdSBdeBmg,2023-01-29
21,419,13,0,0,항공사+주가,"[0202 대포차] #SK하이닉스 주요 증권사 1분기 실적 전망 집중해부! #아모레퍼시픽 4분기 어닝서프라이즈#대한항공 화물 부진, 여객은 호조",한국투자증권,https://www.youtube.com/watch?v=eTUDwDtM2QM,2023-02-02
22,609,7,0,0,항공사+주가,대한항공(003490)_김현구 전문가_종목 상담 (20221105),이데일리TV 상담소 ☏,https://www.youtube.com/watch?v=MLnxsYSdVi8,2022-11-07
23,507,12,0,0,항공사+주가,[선택! 오늘의 특징주]     내주식을부탁해/ 선택!오늘의특징주/ 박수범매니저/ 레몬리서치김민수대표/  대한항공/ 로보스타/ 삼성전자/ 삼성중공업/ 카카오페이/ 매일경제TV,MBN골드,https://www.youtube.com/watch?v=II_A3g-DhOk,2023-02-01
24,2982,51,0,1,항공사+주가,[마감 20분] 삼성SDI·코오롱모빌리티그룹·대한항공 Feat. 모트렉스 vs 엠아이텍 이권희 하이투자증권 부장 / 유창희 유스탁 대표,매일경제TV,https://www.youtube.com/watch?v=Rf7czxophow,2023-02-01
25,30338,2419,0,88,항공사+주가,"[시장함께읽기] 2월 1일, 우주항공/폐배터리 등 중소형주 종목장세 전개!(반도체, 항공, 삼성전자, 2월 증시 투자전략, ESS, 석유화학)",염블리와 함께 [이베스트투자증권],https://www.youtube.com/watch?v=XZo1e7_D8MM,2023-02-01
26,510,19,0,4,항공사+주가,"대한항공 주가 전망 | 지금이 정말 중요한 구간이니 &quot;이렇게&quot; 대응해보세요. (기업 분석, 주식 투자 전략, 목표주가, 항공주)",헌터 주식,https://www.youtube.com/watch?v=-qDfbvbdajY,2022-12-08
27,385,1,0,0,항공사+주가,[대한항공 주가 전망] 항공주 급락? 홀더분들 지금이 제일 집중해야 할때 입니다.,주식 챌린저,https://www.youtube.com/watch?v=koA7ZmNPhS0,2022-12-28
28,808,32,0,5,항공사+주가,미국 항공사가 파산하면 대한항공 주가가 빠지는 이유,설명왕_테이버,https://www.youtube.com/watch?v=xTLOD5w9c-k,2020-11-06
29,207,8,0,1,항공사+주가,저가항공사(LCC) 주가분석ㅣ진에어ㅣ제주항공ㅣ에어부산ㅣ티웨이항공ㅣ스몰캡파머ㅣ저평가성장주,스몰캡파머 - 저평가성장주,https://www.youtube.com/watch?v=Za1dJKQJ8TA,2022-12-27
30,54235,613,0,40,항공사+주가,"아시아나 인수하는 대한항공, 주가는 왜이래? | 주식썰전 - 대한항공",한경 코리아마켓,https://www.youtube.com/watch?v=scppPZRS0YI,2020-11-28
31,55,3,0,0,항공사+주가,"저가항공사 중, 이 종목이 가장 빠를겁니다!",리딩스탁TV (고퀄리티 주식 교육 채널),https://www.youtube.com/watch?v=mtxERd48qi8,2022-12-07
32,1890,8,0,1,항공사+주가,코로나 끝? 아시아나 항공 주가 왜 이래? #shorts,돈탐정사무소,https://www.youtube.com/watch?v=jTsMe__9B1o,2022-03-25
33,70206,2957,0,265,항공사+주가,항공사 보잉(BA) 주식 차트로 보는 트레이더의 심리게임 - 주가차트 패턴 101,뉴욕주민,https://www.youtube.com/watch?v=X8EPa7M4Hpk,2020-04-11
34,29049,362,0,35,항공사+주가,진에어가 바뀐다? 최대 규모 항공사의 탄생과 항공업계 전망,캐치TV,https://www.youtube.com/watch?v=QAGeHZvLL9E,2021-01-14
35,1816122,7537,0,,항공사+주가,우리나라 1위 항공사 대한항공 승무원 연봉,신의직장인,https://www.youtube.com/watch?v=IUCA-qZF0Ug,2022-12-12
36,2091,70,0,4,항공사+주가,"요즘 정말 난리난 항공사 주식들! 지금 당장사도 될까? 초대형 항공사, 정말 실현될 수 있을까?",포셔 PD - 경제 쏙쏙,https://www.youtube.com/watch?v=uPHayoKnmvI,2020-11-17
37,1738,6,0,0,항공사+주가,일본행 만석에도…강달러에 항공주 날개 못펴,서울경제TV,https://www.youtube.com/watch?v=yv9V5oF-JoU,2022-10-12
38,426,13,0,1,항공사+주가,[종목분석]  티웨이항공 / 평화홀딩스 / 자연과환경,와룡봉추주식세상,https://www.youtube.com/watch?v=EKPDlXKUjO8,2023-01-30
39,77,5,0,0,항공사+주가,제트블루... 美 빅5 항공사로?_주목! 이 기업 (20220729),"투자의 이유, 이유TV",https://www.youtube.com/watch?v=UKM4qAD4aM4,2022-07-29
40,991,19,0,0,항공사+주가,대한항공·티웨이항공... 항공주 투자매력과 탑픽은?_섹터 TALK: ‘대외 악재 VS 엔데믹 기대감’ 항공주 업황과 투자전략 (3)_주경야톡 45회 (20220613),이데일리TV,https://www.youtube.com/watch?v=5qipGp5cqs8,2022-06-14
41,1294,20,0,0,항공사+주가,"여객 증가 vs. 재무 불안 &#39;냉온탕&#39; 항공주, 판단은 / 양지환 대신증권 연구위원 / 실적시즌 집중분석 / 성공투자 오후증시 / 한국경제TV",한국경제TV,https://www.youtube.com/watch?v=C65DlqjAdY8,2022-11-10
42,3260,68,0,23,항공사+주가,[미국주식] 3분기 최고가치의 항공사는 과연?!,무구,https://www.youtube.com/watch?v=s7fBY8sShO0,2019-10-11
43,577,18,0,2,항공사+주가,피터린치 - 신발가게 주인이 항공사 주식을 사는건 바람직하지 않다.,주식파너,https://www.youtube.com/watch?v=XEB1XuiUcng,2023-01-09
44,3546,125,0,6,항공사+주가,"[주식] 항공주 승자독식 기업 공개합니다. (대한항공, 아시아나항공, 진에어, 제주항공, 티웨이항공)",주식전쟁,https://www.youtube.com/watch?v=n1-kxuEGi8k,2022-08-08
45,1329,16,0,0,항공사+주가,티웨이항공 / 항공사 합병에 따른 ‘슬롯 배분’ 최대 수혜 / 박우신 와우넷 파트너 / 주식경제 / 한국경제TV,한국경제TV,https://www.youtube.com/watch?v=lCx6REtSSek,2022-04-15
46,585,4,0,1,항공사+주가,달러 약세에 항공주 ‘훨훨’…“실적 회복은 아직”,서울경제TV,https://www.youtube.com/watch?v=GlpPEn8HdXg,2022-11-11
47,1134,44,0,5,항공사+주가,항공사 주가 화물운송 실적만으로 상승하기 힘들지만 변화가 시작된다 [엄경아 신영증권 연구위원],카운트머니,https://www.youtube.com/watch?v=wKzUzR0mrJ4,2021-08-25
48,1519,25,0,8,항공사+주가,진에어 주가 전망 분석 :: 저비용항공사 관련주,들리는 재테크_레드,https://www.youtube.com/watch?v=OvgA5-dnnPg,2021-01-24
49,4098,87,0,13,항공사+주가,조비에비에이션(JOBY): 이제는 항공사가 되버린 조비항공 ^^,자산배분플랫폼 위스퍼,https://www.youtube.com/watch?v=qAl8zwc_yfg,2022-05-28
50,4065,78,0,1,항공사+주가,항공 LCC(저가항공사) 테마주 실전 핵심 매매노하우,주식투자베스트비법 (JUSIKTUJA.COM),https://www.youtube.com/watch?v=i3XIt6gnZSo,2022-04-04
51,377,8,0,0,항공사+주가,"글로벌 영향 받는 한국증시, 지금 시장에서 강한 주식 &quot;이 것&quot; 입니다 | 하창봉 대표",815 캠퍼스,https://www.youtube.com/watch?v=WFEozIpsATw,2022-10-25
52,15852,1005,0,17,항공사+주가,[뉴스속보] 아시아나항공 &#39;주가 폭등&#39;...&quot;항공사 국유화 시작되다?&quot;~~**[정완진TV],정완진TV,https://www.youtube.com/watch?v=9ZowHb7hBeY,2020-07-28
53,342,9,0,0,항공사+주가,[투자직감] 다시 날아오르는 ‘항공주’...中 3대 국유 항공사 개별적으로 접근하라,투자직감GAM,https://www.youtube.com/watch?v=KJTNpZerw-M,2021-03-22
54,6367,59,0,2,항공사+주가,&quot;주식 팔아 유럽가나 했더니&quot;…델타변이에 고꾸라진 대한항공 / 박해린의 뉴스&amp;마켓 / 한국경제TV뉴스,한국경제TV뉴스,https://www.youtube.com/watch?v=4qQK12QYg9s,2021-06-28
55,89523,3469,0,186,항공사+주가,"[머니올라 611화/염블리의 비밀노트]주도주 태조이방원 이미 상승...9월, 어떤 주식 주목할까?(염승환 이사)",머니올라_KBS,https://www.youtube.com/watch?v=BYYIwXcOwsU,2022-08-28
56,227087,6912,0,275,항공사+주가,(생방송요약본) 코로나 후 폭등할 주식종목들,재테크읽어주는 파일럿,https://www.youtube.com/watch?v=8HFVWo9S1qk,2021-09-05
57,5376,33,0,6,항공사+주가,항공사 1분기에 전부 적자...&#39;대한항공 빼고&#39; / YTN, YTN,https://www.youtube.com/watch?v=dT5ruYStQWc,2021-05-17
58,913,25,0,4,항공사+주가,"부자되는 미국주식 -미국 항공사 3분기 실적 및 향후전망(델타DAL,아메리칸AAL,유나이티드UAL,사우스웨스트LUV)",부자되는 미국주식뉴스,https://www.youtube.com/watch?v=t9g2dVNVBJ4,2020-10-27
59,93,2,0,1,항공사+주가,대한항공(003490) - 타항공사들에 비해 상승율은 약하지만 단단하죠?,AP투자연구소 팀 브라보,https://www.youtube.com/watch?v=wGM3tIedUL4,2021-09-30
60,36,4,0,0,항공사+주가,대한항공 추가상승 가능할까? 저가항공사(LCC) 조심하세요!,리딩스탁TV (고퀄리티 주식 교육 채널),https://www.youtube.com/watch?v=ua66imYRW5Y,2022-02-28
61,73674,439,0,311,항공사+주가,대한항공의 아시아나 인수로 초대형 항공사 탄생? / YTN, YTN,https://www.youtube.com/watch?v=ciUuaMAgawk,2020-11-13
62,186,7,0,0,항공사+주가,국내에는 없는 미국주식 교통수단&amp;항공사 ETF(글로벌핫리포트/0713),키움증권 채널K,https://www.youtube.com/watch?v=-eL0SciAUDU,2020-07-13
63,24849,2386,0,148,항공사+주가,"화이자백신랠리가 항공,여행주이외 산업재 추가상승이어가나?",TV주식의 강해,https://www.youtube.com/watch?v=3Ng43zbJKzI,2020-11-11
64,41,1,0,0,항공사+주가,"대형항공사, LCC항공사 전망 - 진에어",DANA,https://www.youtube.com/watch?v=kUJyCdKMh_8,2021-04-21
65,972,16,0,4,항공사+주가,대한항공(003490) VS 현대그린푸드(005440)_종목 VS 종목 (20220404),이데일리TV,https://www.youtube.com/watch?v=dyP9MwazxT8,2022-04-04
66,402,16,0,0,항공사+주가,아시아나항공 하반기 주가 전망 / 화물 수요에 흑자…LCC는 &#39;부도 위기&#39; / 대규모 유상증자 예정됐는데 대한항공 M&amp;A 속도는 지연 / 기준가 22.500원,꽃길 antTV,https://www.youtube.com/watch?v=r-PE7yDsh_0,2021-08-28
67,222,,0,0,항공사+주가,항공사 관련 데이터는 여기서,태린이아빠,https://www.youtube.com/watch?v=FABRzFALGPo,2022-11-09
68,288,,0,2,항공사+주가,"[평주]대한항공 아시아나항공 인수관련 언급, 인수합병, 대형항공사, 2만원을평생주식투자끝내기, 평생무료주식투자",평생무료주식투자,https://www.youtube.com/watch?v=gpALF5tXD3Q,2020-11-12
69,1925,21,0,1,항공사+주가,"[신아메리칸드림] 코로나 최대 피해 업종 항공주, 1년간의 흐름 분석  / 머니투데이방송 (증시, 증권)",MTN 머니투데이방송,https://www.youtube.com/watch?v=lDdZ4Io5KRU,2021-08-13
70,445,10,0,2,항공사+주가,"[수급매매] 2분기 흑자전환 대한항공, 한진칼!! (전세계 항공사 유일 흑자 기록), OCI 수익",수급치타,https://www.youtube.com/watch?v=zUjoRr6IQBs,2020-08-07
71,35621,948,0,21,항공사+주가,[글로벌 개장시황] 골드만삭스가 전망하는 항공업계 회복 시기는? f. 미국주식에 미치다 장우석 본부장,삼프로TV_경제의신과함께,https://www.youtube.com/watch?v=clB05BiH4-Q,2021-12-10
72,3684,108,0,8,항공사+주가,"美항공주, 이렇게 골라라 /박용범 매일경제신문 뉴욕특파원 /월인싸",매경 자이앤트TV,https://www.youtube.com/watch?v=LHLw7yFanDM,2021-07-23
73,787,30,0,2,항공사+주가,사우스웨스트항공(LUV) 미국 항공사 탑픽[억눌린 여행 수요에 투자하라],필승[시대 흐름을 읽는 투자],https://www.youtube.com/watch?v=LacG-eNeRJY,2021-02-13
74,45837,1059,0,51,항공사+주가,반등한 양 시장.. 투자 심리 안정화되어가나? f. 유안타증권 박진희 부장 [증시 셔터맨],삼프로TV_경제의신과함께,https://www.youtube.com/watch?v=wDr72slJPVw,2022-10-04
75,21736,124,0,40,항공사+주가,"[인터뷰투데이] 아시아나 &#39;운명의 날&#39;...대한항공, &#39;빅딜&#39; 공식화 과제는? / YTN", YTN,https://www.youtube.com/watch?v=2J4u83UTQ80,2020-11-16
76,25713,523,0,51,항공사+주가,[심층인터뷰] 엎친데 덮친 &#39;항공주&#39; 투자 전 꼭보세요! (항공 애널리스트 방민진),삼프로TV_경제의신과함께,https://www.youtube.com/watch?v=OnaK2LrV4is,2020-02-14
77,15418,223,0,65,항공사+주가,세계 최대 규모 항공사 델타항공 이야기,항덕이,https://www.youtube.com/watch?v=UFaoZHFxamY,2021-05-30
78,1510,23,0,2,항공사+주가,코로나 제한 풀리니 활짝 웃는 항공사! 영업익이 작년보다 5배는 많이 나와?! | 하지만 대한항공-아시아나가 웃을수만은 없는 이유..? 이제는 환율도 합병에 방해물이 된다고?!,연합뉴스경제TV,https://www.youtube.com/watch?v=cj3NwPYPu0I,2022-08-30
79,7561,254,0,8,항공사+주가,[마켓 Chef] G20 정상회담 후 증시 투자전략,[삼성증권] Samsung POP,https://www.youtube.com/watch?v=_7pc8D-m8_4,2022-11-16
80,314,9,0,0,항공사+주가,대한항공(003490)- 세계 10위권 초대형 항공사 탄생,AP투자연구소 김용재소장,https://www.youtube.com/watch?v=8YUMEmBYgjk,2020-11-16
81,70,1,0,0,항공사+주가,"[주식] 대한항공 우선주, 슈퍼메가 항공사 탄생이 다가왔다",피터근근PeterKeun,https://www.youtube.com/watch?v=1kV42U5yGkI,2022-02-12
82,55,3,0,0,항공사+주가,"저가항공사 중, 이 종목이 가장 빠를겁니다!",리딩스탁TV (고퀄리티 주식 교육 채널),https://www.youtube.com/watch?v=mtxERd48qi8,2022-12-07
83,3153,23,0,8,항공사+주가,코로나 백신 개발 소식에…항공·여행주 연일 상승세 / SBS,SBS 뉴스,https://www.youtube.com/watch?v=3tG0V3svUd4,2020-11-12
84,211,15,0,2,항공사+주가,[항공주 산업분석!] 대한항공-아시아나항공 통합항공사 출범이 항공업계에 어떠한 영향을 미칠까? (여행산업 2편),모두가 웃는 투자,https://www.youtube.com/watch?v=L5dQYtuSPi8,2021-11-09
85,307,4,0,0,항공사+주가,인천공항은 북적이는데… 여행주 주가는 한산?_신소장의 시그널 (20220614),이데일리TV,https://www.youtube.com/watch?v=V-HrWiY8l64,2022-06-14
86,849,13,0,6,항공사+주가,JETS 항공사 ETF 코로나 백신 개발 후 언제쯤 얼마나 회복할까?(백신 수혜주 ETF 정리),상만이의 해외투자,https://www.youtube.com/watch?v=3d25_oWoDvk,2020-11-16
87,2185,49,0,15,항공사+주가,"부자되는 미국주식 주요 항공사비교 - 델타(DAL), 어메리칸(AAL), 유나이티드(UAL), 사우스웨스트(LUV), 스피릿(SAVE) 그리고 보잉(BA)까지",부자되는 미국주식뉴스,https://www.youtube.com/watch?v=zKPtJl04w1s,2020-08-28
88,150,6,0,0,항공사+주가,포스트 코로나(Post COVID) &quot;보복소비 ? 테마&quot; ... 항공/저가항공사/여행/면세점/카지노 코로나19 백신 1차 접종자 300만명 돌파 소식 속 여행 재개 기대감에 상승,Mr_Shoebill's 빨강주식.,https://www.youtube.com/watch?v=WZxCNtBWZ1Y,2021-05-03
89,130,0,0,0,항공사+주가,[제주항공 089590] 백신보급 확대로 인한 수혜,청개구리투자클럽,https://www.youtube.com/watch?v=GM2w2oWGshc,2021-06-04
90,5871,87,0,4,항공사+주가,"항공주 상승 발목 잡는 요인들, 그럼에도 불구하고 이 기업 주목하세요 | 황용식 세종대 경영학부 교수 | 한국경제TV",한국경제TV,https://www.youtube.com/watch?v=4dIbk_e2MCY,2022-05-16
91,67,2,0,0,항공사+주가,"항공/저가 항공사(LCC)_ 국제유가 하락 등에 상승 / 진에어, 제주항공, 대한항공",주식회사_곽부장,https://www.youtube.com/watch?v=XlE5InwreOA,2022-08-16
92,686,17,0,0,항공사+주가,"[대한항공, 아시아나항공]대한항공, 아시아나항공 및 전망 2021.08.30",카이저_,https://www.youtube.com/watch?v=jOhMKeOMqjA,2021-08-30
93,5881,42,0,23,항공사+주가,"[기업] 대한항공, 최장 거리 직항 기록...마이애미까지 1만3천405㎞ 비행 / YTN", YTN,https://www.youtube.com/watch?v=Gt3oSo3YveA,2021-06-14
94,90,0,0,0,항공사+주가,[증시전략] 백신 기대감에도 항공사·호텔 업종 일제히 하락,SBS Biz 뉴스,https://www.youtube.com/watch?v=oDtS1ftQ-WM,2020-11-27
95,3098,35,0,0,항공사+주가,항공사 &#39;적자 늪&#39; 실적 완화하며 코로나19 이전 수준 회복할까(황용식)/ 주식경제 이슈분석 / 한국경제TV,한국경제TV,https://www.youtube.com/watch?v=RbymER1pQZg,2021-05-20
96,15079,675,0,25,항공사+주가,국내 최대 항공사 태어나나? 대한항공 + 아시아나 항공 !!,개천에서 용재난다,https://www.youtube.com/watch?v=hgFrks1_Zoc,2020-11-13
97,8847,112,0,34,항공사+주가,"80억 빌려 샀다더니…&quot;주식값 0원, 공짜 거래&quot; (2020.11.25/뉴스투데이/MBC)",MBCNEWS,https://www.youtube.com/watch?v=ijVDGHugDVE,2020-11-25
98,711,39,0,17,항공사+주가,"항공주, 실적 좋아도 꼭 확인해야 하는 ‘이것’ㅣ모멘텀, 변수, 증권가 의견 정리 [롱앵커]",롱앵커,https://www.youtube.com/watch?v=UKQZqKfuv_E,2021-08-18
99,1677,76,0,1,항공사+주가,글로벌 자산배분 전략  l 잠시 쉬어가도 괜찮아 l 하나금융투자 리서치센터 모닝브리프 200206,하나TV [하나증권],https://www.youtube.com/watch?v=eV-zx4VpOEc,2020-02-06
100,2751,39,0,8,항공사+주가,보잉 실적발표! &quot;내년에도 적자&quot; - 보잉/항공업/미국주식/미국뉴스/미국주식투자,인케빈 뉴스 - 미국주식,https://www.youtube.com/watch?v=x4I_D_bEnlg,2020-08-03
101,2170,23,0,0,항공사+주가,"[짤막K토크] 양대항공사 통합, 에어부산 향후 전망은?",부케부캐,https://www.youtube.com/watch?v=4ZrY0i7xplg,2020-11-18
102,3294,53,0,15,항공사+주가,"[항공업 1탄] 제주항공 vs 진에어, 뭐가 더 높이 날까",여의도촌놈,https://www.youtube.com/watch?v=od3Ipe9m-v0,2020-05-22
103,39799,,0,114,항공사+주가,대한항공 초대형 항공사의 탄생,냉철tv,https://www.youtube.com/watch?v=jA4XFet7okk,2020-12-02
104,2876,35,0,2,항공사+주가,"[최종원]저가항공사, 여행주 KO. 이스타항공 구조조정에서 보는 주가 현황(제주항공, 아시아나항공, 에어부산, 티웨이항공, 티웨이, 진에어, 노랑풍선, 모두투어, 하나투어)",주식으로 슈퍼직장인,https://www.youtube.com/watch?v=BE2Espy7ip4,2020-08-28
105,58540,807,0,41,항공사+주가,[긴급진단] 대한항공 유증 앞두고 주가 뛴다? 왜? / 이슈의 재구성 / 매일경제TV,매일경제TV,https://www.youtube.com/watch?v=7jZ_9koxIL4,2021-01-25
106,67854,758,0,117,항공사+주가,대한민국 대표항공사 대한항공 이야기,항덕이,https://www.youtube.com/watch?v=WQmVh3m2WSI,2021-02-07
107,55839,396,0,9,항공사+주가,대한항공 주식 지금 사도될까/기관의 눈/최성민의 빅샷/한국경제TV,한국경제TV,https://www.youtube.com/watch?v=95U6FBpIrdk,2020-11-25
108,40770,450,0,20,항공사+주가,"[긴급점검] 대한항공 신주인수권, 팔아? 말아?  / 긴급점검 / 매일경제TV",매일경제TV,https://www.youtube.com/watch?v=DvWc-V-uFOk,2021-02-16
109,48659,1147,0,66,항공사+주가,&#39;위드 코로나&#39;에 함께 해야할 주식은? [염승환 이베스트투자증권 이사],카운트머니,https://www.youtube.com/watch?v=_Ww7VmdijWM,2021-09-17
110,7785,61,0,30,항공사+주가,"[경제완전정복] 대한항공, 아시아나 인수 제동 걸리나…법원 판단은? (2020.11.25/뉴스외전/MBC)",MBCNEWS,https://www.youtube.com/watch?v=iMDUCFcKdps,2020-11-25
111,2414,55,0,15,항공사+주가,"미국배당일기 #14 미국항공사들 &quot;굿바이... 배당금&quot; (델타, 유나이티드, 어메리칸에어라인, 알래스카, 아틀라스, 페덱스, 하와이안, 젯블루, 사우스웨스트, UPS)",미국배당일기,https://www.youtube.com/watch?v=e9toVmi6kdM,2020-03-22
112,432,22,0,0,항공사+주가,하늘이 무너져도 항공주는 솟아난다 - 대한항공과 제주항공 편,머니스테이션,https://www.youtube.com/watch?v=dmcWm2gFMBA,2022-06-16
113,6279,66,0,20,항공사+주가,대한항공-아시아나 조건부 합병 승인...10년 간 &#39;슬롯·운수권&#39; 다른 항공사에 이전 / YTN, YTN,https://www.youtube.com/watch?v=ONT7vYdSf2c,2022-02-22
114,120,2,0,,항공사+주가,"대한항공 유상증자, 메머드급 항공사 탄생",왕심심주식투자!!!,https://www.youtube.com/watch?v=v2M8KflZbbc,2021-03-09
115,67085,1208,0,35,항공사+주가,"🖍미국 주식 투자비법, 이 영상 하나로! 미국 종목추천 TOP5 - MK SHOW 실리콘밸리 특파원 손재권 편",MKTV 김미경TV,https://www.youtube.com/watch?v=3FApxEH6xO8,2021-05-28
116,42,4,0,2,항공사+주가,"United Airline plans to cut 16,000 Jobs, 항공사 일자리 줄줄이  감소",바른시원함,https://www.youtube.com/watch?v=ldIgqVs-aRk,2020-09-03
117,178,10,0,1,항공사+주가,"[항공읽어주는남자] 항공사, 부활도 합니다",한국교통연구원,https://www.youtube.com/watch?v=dVIzTRgQoVI,2021-05-14
118,106,3,0,1,항공사+주가,"[주식] 대형 항공사의 출현?! 아시아나IDT 땡 잡았다?! (아시아나IDT, 한진중공업, 현대미포조선, 삼성전자, SK하이닉스, 삼륭물산, 한국패키지)",주식패밀리,https://www.youtube.com/watch?v=qp1r7x2vkes,2020-11-16
119,300,19,0,10,항공사+주가,"대한항공 세계 유일 흑자 항공사. 시장상황 정리, 추천주 2개.  우리 구독자분들 돈 많이 버세요~",Feed Good,https://www.youtube.com/watch?v=SqH-KCqnEIw,2020-08-07
120,588,4,0,1,항공사+주가,‘위드 코로나’ 인천공항 옛 모습 되찾을까… 항공사 잇단 증편 (20211102),이데일리TV,https://www.youtube.com/watch?v=AZY4JuPq0X8,2021-11-02
121,20,2,0,0,항공사+주가,진에어 - 저가항공사중에 가장 먼저 튑니다,노빠꾸주식,https://www.youtube.com/watch?v=EQUkPtVeRRw,2022-11-29
122,4486,22,0,3,항공사+주가,아시아나항공 주식 거래 재개…상장 유지 결정 / JTBC 아침&amp;,JTBC News,https://www.youtube.com/watch?v=scLXUmsEBcM,2021-07-16
123,4467,57,0,14,항공사+주가,"항공사(대한항공, 제주항공 등) 관련주 사업실적 개선 될까?",찌쏘 주식공부방,https://www.youtube.com/watch?v=XWjSsKB4704,2020-03-30
124,556,7,0,1,항공사+주가,초대형 국적항공사 생긴다…대한항공-아시아나 조건부 합병 승인 [MBN 종합뉴스],MBN News,https://www.youtube.com/watch?v=Xh7e7SFPVkc,2022-02-22
125,1066,17,0,1,항공사+주가,"[긴급진단] 항공주 살 자리일까, 털 자리일까? / 시청자가 궁금해 / 매일경제TV",매일경제TV,https://www.youtube.com/watch?v=K1YFlWmv2oc,2020-06-05
126,1653,30,0,2,항공사+주가,여객 400% 늘어도 항공산업 어려운 이유-송이라 기자 더밀크| [성공예감 김방희입니다] 2부 심층 인터뷰 | KBS 220727 방송,KBS 1라디오,https://www.youtube.com/watch?v=zbh7dWMcwKI,2022-07-27
127,1072,0,0,0,항공사+주가,[코리아스탁] 포스트 코로나(Post COVID) &quot;보복소비 테마 &quot; ...항공/저가항공사(LCC)/여행/면세점를  주목 / 관련주 공개 ?,코리아스탁,https://www.youtube.com/watch?v=1I2YwONk2SQ,2021-05-04
128,747,6,0,0,항공사+주가,세계 항공사 순위 | Top 10 | (Al&#39;s Aviation Film) 4K,Al's Aviation Film,https://www.youtube.com/watch?v=QCxUW5i9Loo,2022-10-24
129,7895,196,0,75,항공사+주가,미국 항공사 부도 가능?  보잉의 미래?,James Lee,https://www.youtube.com/watch?v=G_Sa5IN_2nI,2020-05-13
130,414,22,0,14,항공사+주가,정부는 국영 항공사를 버리지 않을 것 (인도네시아 국민연금) - #g20 #b20,아세안패스,https://www.youtube.com/watch?v=UiGewKDmIzY,2021-06-05
131,41897,579,0,98,항공사+주가,대한민국 최초 저비용항공사 - 티웨이항공 이야기,항덕이,https://www.youtube.com/watch?v=o5z0F3aPL5U,2021-04-18
132,54,1,0,0,항공사+주가,"[티웨이항공]티웨이항공주가전망,티웨이항공주가,티웨이항공전망,티웨이항공분석,티웨이항공목표가,티웨이항공실적,티웨이항공종목분석,LCC,저비용항공사,에어부산,진에어,리오프닝",주식빵빠레 ,https://www.youtube.com/watch?v=_TV5FQsDT4I,2022-12-25
133,88424,1013,0,132,항공사+주가,이대로 아시아나항공 인수포기? -저가 항공사는 4월 파산위기,너이거몰라?_너만 모르는 정보,https://www.youtube.com/watch?v=TN4MIuJ75nI,2020-04-08
134,1288,134,0,10,항공사+주가,항공여행주 다시 주목해야 할 때! 매수포인트는?,주식상팔자,https://www.youtube.com/watch?v=rBLRy5HlXSw,2021-08-26
135,440,25,0,1,항공사+주가,진에어(272450) - 저가항공사중 가장 안정적인 재무구조! 다시금 날개를 펴자,AP투자연구소 김용재소장,https://www.youtube.com/watch?v=1ur2Gk3bfJs,2021-01-05
136,45935,1334,0,49,항공사+주가,[증시 염탐정] 하락 출발한 코스피.. 장 후반은? f.이베스트투자증권 염승환 부장,삼프로TV_경제의신과함께,https://www.youtube.com/watch?v=aTd_1fFaS0U,2021-06-09
137,30,1,0,0,항공사+주가,코로나19 확산 속 세계 항공사 매출 급감? / 코로나 직격탄에 세계 수출 감소 불가피?,이데일리TV,https://www.youtube.com/watch?v=lMuumqYPPe4,2020-03-16
138,3044,24,0,6,항공사+주가,"[알고리ZOOM] 항공사 합병, 진짜 승자는? / YTN", YTN,https://www.youtube.com/watch?v=f_oaYiqvmIU,2020-12-18
139,1960,59,0,11,항공사+주가,"넥스트에라 에너지 &amp; 사우스웨스트 에어라인스, 혁신적인 항공사와 바이든 정부와 잘 맞는 에너지 유틸리티 기업",알쓸투전,https://www.youtube.com/watch?v=h56X8a3aiHE,2021-01-27
140,624,15,0,34,항공사+주가,[⭐별별주식] 대한민국 대표 항공사 대한항공! 강세와 약세를 반복하는 이유는? ✈️,F&S 투자그룹,https://www.youtube.com/watch?v=mtN5ZELj3-M,2021-07-01
141,1579,18,0,13,항공사+주가,에어부산 더 사야겠다. 이유는 다른 항공사보다 덜 올랐다는  것. 유상증자 후 떡락은 기회임.  부동산이랑 주식이랑 같은 시각으로 바라보면 쉬움. 왜 주식으로 돈을 못 벌어?,제이손,https://www.youtube.com/watch?v=C3q_QISkfBU,2021-10-26
142,87710,2536,0,57,항공사+주가,월가는 왜 하필 이 주식들이 오를 거라고 했을까,소수몽키,https://www.youtube.com/watch?v=5-iSEOaivjI,2021-10-04
143,196,12,0,,항공사+주가,김선규의 뉴스를 공부합시다 ▶ 항공사 : 델타에어라인스 &amp; 유나이티드항공홀딩스,주식챔피언 주식스쿨,https://www.youtube.com/watch?v=OFirYV7R8c0,2022-04-03
144,1989,47,0,6,항공사+주가,"전세계 항공사를 사자, JETS ETF",리치투게더TV,https://www.youtube.com/watch?v=wXOpuF7wMVo,2020-10-28
145,8448,500,0,31,항공사+주가,"엄경아연구원 [2부 항공], 항공섹터 투자 타이밍? 어떤 항공사가 좋을까? [투자Insight]",증시각도기TV,https://www.youtube.com/watch?v=e3ZRENJWepY,2021-09-19
146,2349,86,0,24,항공사+주가,대한항공-아시아나항공 M&amp;Aㅣ돈 안 쓰고 항공사 인수하기ㅣ승자는 조원태 회장? [롱앵커],롱앵커,https://www.youtube.com/watch?v=sn1FTc_ONMg,2020-11-19
147,536,6,0,0,항공사+주가,영하 45도 한파 덮친 미국 항공주 주가도 얼렸다 / 신인규 한국경제TV 뉴욕특파원 / 굿모닝한경글로벌마켓,한국경제TV,https://www.youtube.com/watch?v=1w2QuVcyi48,2022-12-28
148,173838,4796,0,141,항공사+주가,잠시 쉬어가는 코스피.. 코스닥의 주가 흐름을 지켜보자 f.이베스트투자증권 염승환 부장,삼프로TV_경제의신과함께,https://www.youtube.com/watch?v=J5oljY_71q0,2021-01-12
149,93,0,0,0,항공사+주가,진에어(272450)... 저가 항공사(LCC) 3년만에 흑자 달성_테마IN이슈 (20221222),이데일리TV,https://www.youtube.com/watch?v=2mMWB1TlAyA,2022-12-22
150,60749,1871,0,46,항공사+주가,[증시 염탐정] 미국 시장 영향받고 주가는 올라갈까? f.이베스트투자증권 염승환 부장,삼프로TV_경제의신과함께,https://www.youtube.com/watch?v=JBCA7vMD08w,2021-06-11
151,276493,5113,0,16,항공사+주가,"금리인상에도 꺾이지 않는 미국경기, 주가 하락/지금은 주식하기 좋은 때일까?_22.12.06",삼프로TV_경제의신과함께,https://www.youtube.com/watch?v=2OiMNDKH7ro,2022-12-06
152,674,8,0,2,항공사+주가,아시아나항공 주가분석020560 2021년 08월 31일기준,밸류스탁,https://www.youtube.com/watch?v=8ghoh5bUe-k,2021-08-31
153,429066,1791,0,59,항공사+주가,저비용항공사 비즈니스 수준,또 떠나는 남자 ddoddunam,https://www.youtube.com/watch?v=Zk88wyHOPSQ,2022-04-02
154,43,4,0,0,항공사+주가,"[LIVE] 투자의 이유, 이유TV (20220729)","투자의 이유, 이유TV",https://www.youtube.com/watch?v=0RavWc_Com8,2022-07-29
155,2596,85,0,17,항공사+주가,대한항공 부채비율 1200%→300%..완벽한 현금흐름표 [2021년 1분기 보고서],카운트머니,https://www.youtube.com/watch?v=kCfmbcIebhc,2021-07-16
156,732,12,0,0,항공사+주가,HMM·팬오션·대한항공·진에어…지금은 부르는 게 값? 한투증권의 산업 전망!,엄근진기자대유잼뉴스,https://www.youtube.com/watch?v=jjeOsw6fw9w,2021-03-08
157,332,3,0,0,항공사+주가,[짧] 투자의 신 워렌 버핏도 68조 손실! 항공사 주식 전량 매각 - 해외선물 연구소,해외선물 연구소,https://www.youtube.com/watch?v=E08huEQrwH8,2020-05-08
158,1821,66,0,13,항공사+주가,[지한송의 5분경제] 세계 7위 국적항공사 탄생 임박! -2020년 11월 17일-,CPA지한송,https://www.youtube.com/watch?v=niaEZXykvV4,2020-11-17
159,28831,2805,0,98,항공사+주가,머스크의 트윗터 비상하나? 머스크 최고의 ETF 완성! 메이저 항공사 스타링크 사용! 머스크의 역략으로 트위터가 어떻게 변화할까? 바이든 트럼프보다 인기좋은 머스크!,LA 정교수 TV,https://www.youtube.com/watch?v=Iws1KxtpzKI,2022-04-26
160,1040,29,0,1,항공사+주가,악재 계속되는 테슬라 이번엔 상하이 공장 가동 중단?! ㅣ 나스닥은 또 하락 마감 [뉴요기요 임하람 뉴욕특파원],연합뉴스경제TV,https://www.youtube.com/watch?v=DXfZUruL-qo,2022-12-28
161,775,31,0,0,항공사+주가,"[3분증시] 뉴욕 증시, 연말 장세에 혼조세…나스닥 1.38%↓ 外 / 연합뉴스TV (YonhapnewsTV)",연합뉴스TV,https://www.youtube.com/watch?v=czQH5d6nLoU,2022-12-28
162,185,5,0,0,항공사+주가,Investing in Airline Stocks Right Now!!!,Incredible Equipment,https://www.youtube.com/watch?v=JUY2qdF43Hc,2022-07-03
163,4,0,0,0,항공사+주가,[티웨이항공] 다음주 기회! 바닥 다 다졌다!,헬로우주식,https://www.youtube.com/watch?v=MYfQbgLH4Ok,2022-04-15
164,716,45,0,1,항공사+주가,"총선결과 | 미국, 항공사 250억달러 무상지원 이유는? | 원유 | MMF와 CMA",빅토리TV,https://www.youtube.com/watch?v=-7c9JP-BMDQ,2020-04-16
165,329,20,0,4,항공사+주가,현재 보잉사의 문제점인 수익성이 언제쯤 돌아오고 그시점과 주가의 방향에 관해 알아본다,올랜도 킴 미국주식,https://www.youtube.com/watch?v=rLUMIwy8DYE,2022-03-10
166,5011,92,0,15,항공사+주가,"항공사 채용 전망, 항공사 취업준비 방법 ㅣ 일반직, 객실승무원, 지상직 ㅣ 이미 졸업생이라면? 아직 재학생이라면! &amp; 현실적인 조언",Easy English & Airline interview with 꿈푸언니,https://www.youtube.com/watch?v=Y_ujZp1UW0k,2021-06-14
167,22593,330,0,36,항공사+주가,"대한항공 아시아나 인수, M&amp;A사례와 항공주 주가 패턴 정리",신지은의 경제백과,https://www.youtube.com/watch?v=HBq3F78xz_o,2020-12-12
168,207,4,0,0,항공사+주가,고용유지 지원 한 달 연장에도 항공사 `한숨`_뉴스IN이슈 (20210916),이데일리TV,https://www.youtube.com/watch?v=Q0j1g_LGcI4,2021-09-16
169,308,5,0,0,항공사+주가,"셀트리온, 항공주, 키다리스튜디오, 삼성전자_공시&amp;뉴스 (20220314)",이데일리TV,https://www.youtube.com/watch?v=xXzK2Pffak4,2022-03-14
170,5425,28,0,1,항공사+주가,1분기에 선전한 대형 항공사...탈출구 못 찾는 LCC / YTN, YTN,https://www.youtube.com/watch?v=ubIA-GpAySg,2021-05-19
171,3312,47,0,2,항공사+주가,"아시아나항공, 하이브, 한네트, 인트론바이오, 뷰웍스, 포인트모바일, 한국알콜_이데일리ON 이영재_종목 상담 119 1부 (20210825)",이데일리TV,https://www.youtube.com/watch?v=w2Qt0d-WJL4,2021-08-25
172,33704,673,0,41,항공사+주가,"아시아나, 대한항공 품으로 날아드나…초대형 항공사 탄생 &#39;예고&#39;",삼프로TV_경제의신과함께,https://www.youtube.com/watch?v=A_n_dAhYySg,2020-11-13
173,129,1,0,1,항공사+주가,[아시아나IDT] 전 세계 주름잡는 최고의 항공사 탄생의 순간! 합병 승인 완료! 세력들 주가 어디까지 올릴 것인가 답 여기 있다,위너스TV 주식종목타파,https://www.youtube.com/watch?v=jqkX5SpzZjc,2022-12-27
174,804,19,0,1,항공사+주가,항공사 결합 후폭풍 우려...이스타는 &#39;발 동동&#39;,뉴스토마토,https://www.youtube.com/watch?v=UGb5ksAsp0U,2022-10-17
175,1232,9,0,0,항공사+주가,항공업계 재편 가속…몸집 키우는 저비용 항공사 / 연합뉴스TV (YonhapnewsTV),연합뉴스TV,https://www.youtube.com/watch?v=N1UK6KRmULY,2022-04-16
176,1467,22,0,1,항공사+주가,"대한항공, 아시아나 통합 전략 수립…세계 7위 항공사 출범 속도 / 머니투데이방송 (뉴스)",MTN 머니투데이방송,https://www.youtube.com/watch?v=57mn28Yx6dc,2021-03-17
177,33301,,0,130,항공사+주가,대한항공 여객수요 회복을 기다리며,냉철tv,https://www.youtube.com/watch?v=rDvS1Prpv2k,2021-05-31
178,1093,6,0,2,항공사+주가,"미국, 증시에 ‘개미 투자자’ 몰려 / KBS뉴스(News)",KBS News,https://www.youtube.com/watch?v=aIaD0LAPYN8,2020-06-29
179,142756,2679,0,216,항공사+주가,[홍사훈의 경제쇼 플러스] 너무 똑똑해도 돈 못 번다!!! - 주식 투자의 본질과 방법 A부터 Z까지 | KBS 210612 방송,KBS 1라디오,https://www.youtube.com/watch?v=O7k2pASjKfY,2021-06-12
180,4963,47,0,2,항공사+주가,"화이자 모더나 백신 최대 수혜 항공주, 대한항공? 아시아나? 뭐 사야할까? [이슈머니. EP34]",Chosunbiz,https://www.youtube.com/watch?v=Hnvs6P_gvg4,2020-11-13
181,78,2,0,0,항공사+주가,[대한항공] 주말뉴스] 놀라지마세요,황금종목 주식 tv - 급등종목 관심종목,https://www.youtube.com/watch?v=ltg2nQGOIts,2022-05-15
182,75,3,0,0,항공사+주가,[대한항공] 목표가 공개,황금종목 주식 tv - 급등종목 관심종목,https://www.youtube.com/watch?v=4Y2gZgRb6-Y,2022-04-23
183,171,1,0,1,항공사+주가,"[백브리핑AI] 세계 7위 항공사, 가는 길은 험난해도 긍정적... 왜?",인포스탁데일리,https://www.youtube.com/watch?v=DLL5z2Ria8Q,2020-11-17
184,1831,61,0,4,항공사+주가,"저가항공사 실적 쇼크 - 급락에 당황하지 마세요 - 진에어, 티웨이항공, 제주항공, 에어부산, 대한항공, 아시아나항공",최종원의 주식 밀착 취재,https://www.youtube.com/watch?v=c-2eUwhMqrw,2021-05-18
185,21880,449,0,15,항공사+주가,[글로벌 개장시황] 부활 날개 펼치는 항공주 적절한 투자법은? f. 미국주식에미치다 장우석 본부장,삼프로TV_경제의신과함께,https://www.youtube.com/watch?v=pvmhFUdTz9M,2021-06-02
186,25679,487,0,15,항공사+주가,[심층 인터뷰]  항공주 움직이려면 운임이 관건 f. 유진투자증권 방민진 연구위원,삼프로TV_경제의신과함께,https://www.youtube.com/watch?v=ymPkBjhsr70,2021-10-08
187,15547,111,0,18,항공사+주가,"美 항공업계 &#39;통 큰 베팅&#39;...유나이티드항공, 여객기 270대 구매 / YTN", YTN,https://www.youtube.com/watch?v=r-FOwJ8oTO4,2021-06-30
188,118,5,0,0,항공사+주가,어두운 터널을 빠져나가는 LCC 항공 선두 주자! 내년 1월 중국노선 중국 노선 팬데믹 이전대비 88% 회복 전망! #강한녀석들 #신상원전문가 #신상원의전략포인트,토마토증권통 TomatoTV,https://www.youtube.com/watch?v=iG2Agxx9dVQ,2022-12-21
189,231,0,0,0,항공사+주가,이스타항공 누구 품으로? 쌍방울·하림그룹 계열사 ‘눈독&#39;,Chosunbiz,https://www.youtube.com/watch?v=J1JOO5drESE,2021-06-04
190,258,12,0,2,항공사+주가,"[테마주][리오프닝관련주] 항공사 관련주 🛫🛬 ﻿대한항공, 제주항공, 아시아나항공, 진에어, 티웨이항공, 에어부산, 한진칼 (추천주 ❌❌)",주식줄랭이,https://www.youtube.com/watch?v=4vtBWk-mmkE,2022-02-05
191,91492,3048,0,48,항공사+주가,"주가는 빠졌지만, 기업가치는 달라지지 않았다_글로벌 라이브_박광남, 이인구, 장우석",삼프로TV_경제의신과함께,https://www.youtube.com/watch?v=SXGoqFocLYM,2020-09-04
192,275,,0,1,항공사+주가,"[투고] No.1 해외 주식 분석 - 세계 최대 항공사, 아메리칸 에어라인! 최근 거래량 급증 이유는!?",투자 고수,https://www.youtube.com/watch?v=GaTJ2RGuRkI,2020-10-26
193,70055,1484,0,71,항공사+주가,[홍사훈의 경제쇼 플러스] 주식 투자 성공도 타고 나는 것! - 그럼에도 불구하고 시행착오를 줄이려면? | KBS 220917 방송,KBS 1라디오,https://www.youtube.com/watch?v=NwJbHE_p9VM,2022-09-17
194,101536,2909,0,76,항공사+주가,[증시 염탐정] 미국 증시의 영향을 덜 받는 코스닥.. 주가 흐름은? f.이베스트투자증권 염승환 부장,삼프로TV_경제의신과함께,https://www.youtube.com/watch?v=6lIivIm-lRQ,2021-03-25
195,512,4,0,4,항공사+주가,&quot;한진칼 증자 문제 없다…양대 항공사 통합 탄력 / 연합뉴스TV (YonhapnewsTV),연합뉴스TV,https://www.youtube.com/watch?v=fo20t2KbsEg,2020-12-01
196,3270,27,0,12,항공사+주가,"[취재앤팩트] 대한항공, 아시아나 전격 인수 발표...남은 과제 첩첩산중 / YTN", YTN,https://www.youtube.com/watch?v=NAwi4ahhLaE,2020-11-17
197,3272,54,0,,항공사+주가,"[미국주식 무작정 따라하기] 미국인들의 &#39;구해줘 홈즈&#39; 질로우(Zillow) / 머니투데이방송 (증시, 증권)",MTN 머니투데이방송,https://www.youtube.com/watch?v=Jw3BpXgn3P8,2021-02-16
198,4393,50,0,30,항공사+주가,"대한항공, 아시아나 인수…초대형 국적 항공사 탄생 | 뉴스A 라이브",채널A 뉴스,https://www.youtube.com/watch?v=3_a-pdz9BbU,2020-11-17
199,126,,0,0,항공사+주가,"[주식왕 산군] 21.12.29 인터파크, 항공사주, 신원, 인텔리안테크, 바른손 / 주식왕 한줄평",스톡위클리,https://www.youtube.com/watch?v=TADmpufUb5U,2021-12-30
200,1954,108,0,2,항공사+주가,제주항공 이렇게 무너지나..? 저가항공사들의 미래 전망 알아보자 #제주항공#항공사주#항공주#코로나19#백신#적자#영업이익,주식실전스쿨,https://www.youtube.com/watch?v=BvrLyJ37B5s,2021-06-22
201,7730,124,0,6,항공사+주가,"아시아나항공 재무구조 안정화 기대 / 아시아나항공, 한국조선해양, 팬오션 / 엄경아 신영증권 연구위원 / 애널리스트 뷰 / 한국경제TV",한국경제TV,https://www.youtube.com/watch?v=XFC7H891VcM,2021-08-26
202,220,2,0,0,항공사+주가,중국 ‘위드 코로나’ 전환에 항공사들 중국 취항 ‘시동’,뉴스토마토,https://www.youtube.com/watch?v=yXRNjYAq0JM,2022-12-20
203,564,10,0,0,항공사+주가,[공시요정]두자릿수 고금리로 돈 빌리는 제주항공  f. 주가 이륙 언제쯤?,공시줍줍,https://www.youtube.com/watch?v=0pS5Wvrmn34,2022-05-18
204,5209,35,0,27,항공사+주가,"&quot;여객 대신 화물&#39;...항공업계, 위기 극복 안간힘 / YTN", YTN,https://www.youtube.com/watch?v=xsvwY9vtaTU,2020-09-26
205,629,25,0,16,항공사+주가,버핏의 항공주 손절매,Unfade - 경제 시사 산업,https://www.youtube.com/watch?v=DYqeZLB27Jk,2020-05-21
206,881,6,0,3,항공사+주가,[뉴스해설] 초대형 단일 항공사 출범…과제는? / KBS뉴스(News),KBS News,https://www.youtube.com/watch?v=2o9x0p54nv0,2020-11-18
207,1499,20,0,0,항공사+주가,아스트(067390)... 글로벌 항공사 수주 확인중_박현상의 잃지 않는 매매 전략 (20210811),이데일리TV,https://www.youtube.com/watch?v=1SbjDPGHnV4,2021-08-11
208,6298,54,0,1,항공사+주가,"글로벌 항공사 &#39;날개&#39;…조원태 한진그룹 회장, 비상(飛上)할까 / CEO톡톡 / 한국경제TV뉴스",한국경제TV뉴스,https://www.youtube.com/watch?v=pR3lvFmpcqc,2021-03-19
209,17045,347,0,33,항공사+주가,코로나 백신 접종 중... 모더나 적정 주가는 얼마?  f. 미국주식에미치다 장우석 본부장,삼프로TV_경제의신과함께,https://www.youtube.com/watch?v=WZcVDijJaMw,2021-01-15
210,102,2,0,0,항공사+주가,목표가 공개 [대한항공],황금종목 주식 tv - 급등종목 관심종목,https://www.youtube.com/watch?v=I4TZrw2jtms,2022-04-15
211,2306,52,0,0,항공사+주가,"[데일리핫이슈] 글로벌 항공사 중 유일한 흑자, 대한항공! _김지연 아나운서",바른경제TV,https://www.youtube.com/watch?v=nixYNlVA-n8,2021-01-25
212,309138,7903,0,38,항공사+주가,"현대중공업 상장... 주가의 향방과 조선업의 전망은?_이항영, 성기종, 염승환",삼프로TV_경제의신과함께,https://www.youtube.com/watch?v=PC0gpU8qWio,2021-09-16
213,12872,1770,0,593,항공사+주가,[주식]미국 국채금리 급락 경기선행지표 하락 주가 조정 장기화(20210709금)주식 주식투자 주식강의 주식공부 주식초보 주식단타 주식고수 단타매매,안정모의 주식투자,https://www.youtube.com/watch?v=a6yc52rAHT8,2021-07-09
214,121,4,0,0,항공사+주가,광고 꼰대도 스킵 안한 항공사 광고가 있다? #shorts,브라이언에잇 BRYAN8,https://www.youtube.com/watch?v=SMFU1ypbNMA,2022-08-08
215,273,14,0,0,항공사+주가,항공사 위기 상황 분석 : 유동성이란 문제가 언급되는 이유 (코로나 이전 항공업계 분석 시리즈 첫번째),채널 DRS- 항공 위키백과 airline wikipedia,https://www.youtube.com/watch?v=iTn8g2IsGP4,2020-04-23
216,2350,65,0,7,항공사+주가,"코로나로 투자 대가들도 손실봤다(feat.워렌버핏, 손정의, 레이달리오)",크리스탈TV,https://www.youtube.com/watch?v=7LMSYJDVNgQ,2020-05-03
217,183,7,0,0,항공사+주가,"바이든, 30년 만에 법인세, 소득세 증세 추진 / 텍사스 한파 인명 피해 57명 달해 / 텍사스 국경지대, 밀입국 아동 급증 몸살 [3월 16일(화) 달코라 영상뉴스]",DKTV : DKNET 공식 채널,https://www.youtube.com/watch?v=rDSbka71K2o,2021-03-17
218,1922,36,0,2,항공사+주가,준비됐어 항공주? 물론이지 여행주!... 실적 시즌인데 괜찮아요? ㅣ소통맨 박명석의 런치콜 (22.04.07),키움증권 채널K,https://www.youtube.com/watch?v=bnZk-gh6tzI,2022-04-09
219,6213,35,0,55,항공사+주가,코로나 충격 대한항공 1분기 영업손실 566억 원 / YTN, YTN,https://www.youtube.com/watch?v=GcywV6xplWY,2020-05-15
220,44070,1313,0,24,항공사+주가,[증시 염탐정] 강보합으로 출발한 코스피.. 삼성그룹 주가 흐름은? f.이베스트투자증권 염승환 이사,삼프로TV_경제의신과함께,https://www.youtube.com/watch?v=PC7_gyLuSBM,2021-08-10
221,261,4,0,2,항공사+주가,"대한항공(003490) - LCC 통합 , 돈이 모인다~!",AP투자연구소 김용재소장,https://www.youtube.com/watch?v=ypUT-JBy2H8,2021-04-26
222,580,6,0,1,항공사+주가,확진자 급증에 속타는 저비용항공사…부활 기대감 찬물 / 연합뉴스TV (YonhapnewsTV),연합뉴스TV,https://www.youtube.com/watch?v=vlLS245E2hA,2021-07-07
223,2214,56,0,,항공사+주가,아시아나항공 유상증자와 급락 대처방안 총정리,열이형 TV,https://www.youtube.com/watch?v=Ox586rjnqUQ,2021-07-20
224,826,23,0,0,항공사+주가,"[그날, 그 사건 그 후] 대한민국 통합 항공사 탄생 임박? 아시아나항공, 찬란한 영광과 몰락까지",현대eTV,https://www.youtube.com/watch?v=cBen3DVps4A,2022-03-10
225,4389,105,0,14,항공사+주가,"아시아나, 에어부산, 티웨이 등 항공사 영업현금흐름이 생각보다 안 나쁘다고? 체크할 것은?  (w. 김수헌 대표/더공시 16화/20. 12. 31)​​",키움증권 채널K,https://www.youtube.com/watch?v=CX9YNHy4PNQ,2021-01-09
226,10290,64,0,48,항공사+주가,멈춰 선 아시아나 인수합병...무게 실리는 국유화 시나리오 / YTN, YTN,https://www.youtube.com/watch?v=_0iKDGSdtHw,2020-07-29
227,698,6,0,9,항공사+주가,[산업분석] 항공사의 미래는? 델타 항공? 사우스웨스트 항공?,직장인의 방구석 재테크,https://www.youtube.com/watch?v=9dRV1ot-54A,2020-07-01
228,335,45,0,4,항공사+주가,"마감 : 강세테마 : 건설 중소형, 테마파크, 소매유통, 페인트, PCB(FPCB 등), 항공/저가 항공사, 모바일콘텐츠, 코로나19(모더나), 음원/음반 등...",주식회사_곽부장,https://www.youtube.com/watch?v=E0AbIxf5YF0,2022-03-17
229,1643,73,0,1,항공사+주가,미국 기술주가 주도하는 자산시장 l 자산배분 전략 l 하나금융투자 리서치센터 모닝브리프 200219,하나TV [하나증권],https://www.youtube.com/watch?v=8pglVrH7ZA8,2020-02-19
230,3331,73,0,6,항공사+주가,"[이슈추적] 거대 항공사 출범 성큼, 항공 업계 &#39;지각변동&#39; 촉각 / 머니투데이방송 (뉴스)",MTN 머니투데이방송,https://www.youtube.com/watch?v=A199Aar7fAM,2022-02-23
231,62,1,0,0,항공사+주가,[~2021년 8월] 우리나라 저가항공사 LCC 비행기는 몇대? (보유대수 현황 변화),에어뷰: 항공 · 여행,https://www.youtube.com/watch?v=MFJj5Vuz298,2021-09-03
232,693,4,0,0,항공사+주가,대한항공·아시아나 2024년 통합 항공사 추진 / 연합뉴스TV (YonhapnewsTV),연합뉴스TV,https://www.youtube.com/watch?v=yp6if9J70ME,2021-03-28
233,2107,33,0,3,항공사+주가,[ET] 여행 기대감에 웃고 환율·유가에 우는 항공업계? / KBS  2021.10.13.,KBS News,https://www.youtube.com/watch?v=6GLAWVKv2Ko,2021-10-13
234,173,1,0,2,항공사+주가,워렌버핏 항공주 매각? 응 그거 내가 살께~ (미국주식 현재 포트폴리오),베로니카의 투자생활,https://www.youtube.com/watch?v=b1pQSsEtpoc,2020-08-11
235,149,6,0,1,항공사+주가,진에어(272450) - 차트적으로 나쁘진 않습니다만 항공사들 곡소리가 여기까지 들립니다,AP투자연구소 팀 브라보,https://www.youtube.com/watch?v=22J3ep_-y9Y,2021-04-21
236,1592,7,0,0,항공사+주가,코로나19에 날개 꺾인 항공사…생존 어떻게 / 연합뉴스TV (YonhapnewsTV),연합뉴스TV,https://www.youtube.com/watch?v=JbqcUm_BvqI,2020-04-08
237,243,14,0,,항공사+주가,★코로나19發★경제위기★워렌버핏이 손절한 주식은?제임스대표님의 해외선물 매매기법으로 정말 누적수익이 가능한가요?,공학박사,https://www.youtube.com/watch?v=OhTLE_Me4S8,2020-04-12
238,3442,238,0,1,항공사+주가,220415 [델타항공] 엔데믹 기대감에 증가하는 항공편 수요 l 1분기 매출액과 EPS 가이던스 상회 l 리서치센터 모닝브리프,하나TV [하나증권],https://www.youtube.com/watch?v=RwRwJ2llAwU,2022-04-15
239,61458,1467,0,178,항공사+주가,독일 총리 방중의 진짜 의미는? f.중국주식전문가 찐링 [글로벌 이슈체크],삼프로TV_경제의신과함께,https://www.youtube.com/watch?v=LN9wZ2rDdi0,2022-11-11
240,37,4,0,0,항공사+주가,"해운, 여행, 항공사들의 약진ㅣ주간 시황",경영대뉴턴,https://www.youtube.com/watch?v=Qq0e3f5Sbys,2021-06-01
241,7,2,0,2,항공사+주가,[Herald] Heavy rain-caused deaths stand at 14; number of missing revised down to 4 By Yonhap,Economic news 읽어주는 여자 이코녀,https://www.youtube.com/watch?v=KJZHzzhxibc,2022-08-14
242,492,1,0,0,항공사+주가,"항공사, 대폭 낮아진 &#39;유할&#39;...추석 연휴 ‘사활’",뉴스토마토,https://www.youtube.com/watch?v=ZYjq4fUheNc,2022-08-29
243,39691,376,0,195,항공사+주가,대한항공 &#39;180억 리베이트&#39; 의혹…총수 일가 수사 본격화 / JTBC 뉴스룸,JTBC News,https://www.youtube.com/watch?v=ngbFkpVaZFU,2022-05-06
244,1907,16,0,4,항공사+주가,국적 항공사 ‘조건부’ 통합…고용유지·항공료 인상은? / KBS  2021.12.29.,KBS News,https://www.youtube.com/watch?v=zXxv9KYdtv0,2021-12-29
245,895,12,0,2,항공사+주가,코로나19 백신 소식을 전해줄 항공사는 어디? 델타항공?사우스웨스트? (글로벌핫리포트/20.12.09),키움증권 채널K,https://www.youtube.com/watch?v=UQHaqNhl9_Q,2020-12-09
246,470,4,0,2,항공사+주가,여객기 90% 발 묶였다…&quot;5월 말 항공사 연쇄파산&quot; 우려[MBN 종합뉴스],MBN News,https://www.youtube.com/watch?v=-AUGvBMQwFc,2020-03-23
247,65752,2577,0,599,항공사+주가,(주식 vlog) 뉴욕 쉐이크쉑 버거 / 레스토랑 패스트푸드 미국주식 ft. 치폴레 주식,뉴욕주민,https://www.youtube.com/watch?v=j9Xdy7XWCqQ,2020-10-24
248,40102,541,0,124,항공사+주가,"우크라 &quot;러시아에 회담 요청&quot;…각국 항공사, 우크라 운항 중단",뉴스TVCHOSUN,https://www.youtube.com/watch?v=ILhfVECPoIM,2022-02-14
249,24,0,0,0,항공사+주가,[주식왕] 리오프닝주 신광섭 종목추천 #항공사 #여행주 #카지노관련주 11/09,스톡위클리,https://www.youtube.com/watch?v=y6VsnXAsk-k,2021-11-09
250,37,4,0,0,항공사+주가,"해운, 여행, 항공사들의 약진ㅣ주간 시황",경영대뉴턴,https://www.youtube.com/watch?v=Qq0e3f5Sbys,2021-06-01
251,7,2,0,2,항공사+주가,[Herald] Heavy rain-caused deaths stand at 14; number of missing revised down to 4 By Yonhap,Economic news 읽어주는 여자 이코녀,https://www.youtube.com/watch?v=KJZHzzhxibc,2022-08-14
252,492,1,0,0,항공사+주가,"항공사, 대폭 낮아진 &#39;유할&#39;...추석 연휴 ‘사활’",뉴스토마토,https://www.youtube.com/watch?v=ZYjq4fUheNc,2022-08-29
253,39691,376,0,195,항공사+주가,대한항공 &#39;180억 리베이트&#39; 의혹…총수 일가 수사 본격화 / JTBC 뉴스룸,JTBC News,https://www.youtube.com/watch?v=ngbFkpVaZFU,2022-05-06
254,1907,16,0,4,항공사+주가,국적 항공사 ‘조건부’ 통합…고용유지·항공료 인상은? / KBS  2021.12.29.,KBS News,https://www.youtube.com/watch?v=zXxv9KYdtv0,2021-12-29
255,470,4,0,2,항공사+주가,여객기 90% 발 묶였다…&quot;5월 말 항공사 연쇄파산&quot; 우려[MBN 종합뉴스],MBN News,https://www.youtube.com/watch?v=-AUGvBMQwFc,2020-03-23
256,895,12,0,2,항공사+주가,코로나19 백신 소식을 전해줄 항공사는 어디? 델타항공?사우스웨스트? (글로벌핫리포트/20.12.09),키움증권 채널K,https://www.youtube.com/watch?v=UQHaqNhl9_Q,2020-12-09
257,40102,541,0,124,항공사+주가,"우크라 &quot;러시아에 회담 요청&quot;…각국 항공사, 우크라 운항 중단",뉴스TVCHOSUN,https://www.youtube.com/watch?v=ILhfVECPoIM,2022-02-14
258,7058,86,0,43,항공사+주가,대한항공·아시아나 합병 &#39;조건부 승인&#39;‥ 해외 당국 심사도 통과할까? (2021.12.29/뉴스데스크/MBC),MBCNEWS,https://www.youtube.com/watch?v=vk4KPoepV2s,2021-12-29
259,24,0,0,0,항공사+주가,[주식왕] 리오프닝주 신광섭 종목추천 #항공사 #여행주 #카지노관련주 11/09,스톡위클리,https://www.youtube.com/watch?v=y6VsnXAsk-k,2021-11-09
260,1169,22,0,,항공사+주가,국내 대형항공사 주목 &#39;아시아나IDT&#39; / 매일 장보는 남녀 / 매일경제TV,MBN골드,https://www.youtube.com/watch?v=rupSE3NlzRs,2021-03-09
261,522,19,0,3,항공사+주가,진에어 자본잠식 폭락? 항공사 망할 징조라고? 더 하락하면 오히려 매수자리 아닐까요   21년 5/18일,아이디렉 idlec,https://www.youtube.com/watch?v=jcCZCg1l-Os,2021-05-18
262,3784,31,0,14,항공사+주가,"공정위, 대한항공·아시아나 합병 ‘조건부 승인’ / KBS  2022.02.22.",KBS News,https://www.youtube.com/watch?v=pPgdGrSWAok,2022-02-22
263,109,4,0,1,항공사+주가,『주노의 주식 노트』 2021 특별 성과금 지급?! &quot;델타 에어라인스&quot; 4Q21Y 실적발표!!,주노 스트리밍,https://www.youtube.com/watch?v=YpoaSgsaGkM,2022-01-17
264,17,0,0,0,항공사+주가,"베스트 트레이딩 맨[종목발견의 법칙, 유레카]_99회_20221222",서울경제TV SENvod,https://www.youtube.com/watch?v=sTGGqMvwEQg,2022-12-23
265,3,1,0,0,항공사+주가,워런 버핏과 미국 항공사,익절인생,https://www.youtube.com/watch?v=RsDYgc_08NI,2020-04-08
266,55603,1160,0,30,항공사+주가,워런 버핏이 남몰래 매수한 미스터리 주식이 있다? f. 미국주식에미치다 장우석 본부장,삼프로TV_경제의신과함께,https://www.youtube.com/watch?v=cY-Isb5xh1A,2021-02-17
267,514,6,0,1,항공사+주가,[뉴스후] &#39;대한+아시아나&#39; 세계 7위 항공사로 …난제도 산적 / 머니투데이방송 (뉴스),MTN 머니투데이방송,https://www.youtube.com/watch?v=ivESqAvW9QM,2020-11-17
268,353,12,0,1,항공사+주가,"아메리칸 에어 &amp; 유나이티드 에어, 3만명 해고, 주가는 상승? - 항공주 / 아메리칸 에어라인 / 유나이티드 에어라인 / 미국 뉴스 / 미국주식투자 / 실적발표",인케빈 뉴스 - 미국주식,https://www.youtube.com/watch?v=uP4WK1F1nxQ,2020-10-05
269,496,3,0,5,항공사+주가,"[주식차트]대한항공, 아시아나 인수ㅣ저가항공도 빅딜 임박ㅣ항공주 테마 분석(대한항공 대한항공우 아시아나항공 하이즈항공 진에어 에어부산 티웨이항공 제주항공)",울산주식트레이더 - 울트,https://www.youtube.com/watch?v=YPjxa20_YxI,2020-11-16
270,1787,18,0,6,항공사+주가,&#39;미국 유학 17세&#39; 이상직 아들은 어떻게 항공사 오너가 됐나 / JTBC 뉴스룸,JTBC News,https://www.youtube.com/watch?v=TfY24UDzMJY,2020-07-29
271,413,5,0,0,항공사+주가,대한항공(003490) - 초대형 항공사의 탄생에 대한 기대감~!!,AP투자연구소 김용재소장,https://www.youtube.com/watch?v=I4V5NEIPvBw,2021-01-13
272,12657,419,0,71,항공사+주가,"1편) 승무원, 지상직 궁금한 점 면접관님께 직접 물어보기 / 항공사 면접 15가지 질문 / 키? 나이? 학력? 제2외국어? 등",김수달,https://www.youtube.com/watch?v=VQ-Hk7FZh3k,2021-10-01
273,362,42,0,88,항공사+주가,13) 대한민국 국적 항공사 현황 및 요금비교,하늘새,https://www.youtube.com/watch?v=xJDnghQgUBI,2022-04-22
274,328,3,0,0,항공사+주가,"항공사, 2분기 연료비 지출액 급증…작년 대비 2배 이상 늘어 / 연합뉴스TV (YonhapnewsTV)",연합뉴스TV,https://www.youtube.com/watch?v=c41dtMKWw6E,2022-08-15
275,252,3,0,0,항공사+주가,[산업 Now] 아시아나도 2680%↑…항공사 3분기 성적도 ‘화물’이 갈랐다,SBS Biz 뉴스,https://www.youtube.com/watch?v=mihkNMKWilI,2021-11-16
276,1292,23,0,2,항공사+주가,"[박지훈의 히트맨] 급등한 &#39;엔터&#39; vs 기대만 있는 &#39;카지노&#39; 리오프닝 진짜는? [시황의 해설자들] / 머니투데이방송 (증시, 증권)",MTN 머니투데이방송,https://www.youtube.com/watch?v=24FTNmVLFog,2022-04-04
277,160,2,0,0,항공사+주가,[아시아나항공] 언제까지 떨어지는 거야?! 피눈물 흘리는 항공사들!,나는조선이다,https://www.youtube.com/watch?v=4D1KWk0Aej8,2022-07-12
278,753,83,0,1,항공사+주가,"환율 1400원 근접…항공사, 기지개 켜나했더니 또다른 악재",뉴스토마토,https://www.youtube.com/watch?v=HMyp8CgLV7o,2022-09-18
279,2289,22,0,6,항공사+주가,영국 &quot;합병 대한항공 독과점 우려…해소방안 내라&quot; / 연합뉴스TV (YonhapnewsTV),연합뉴스TV,https://www.youtube.com/watch?v=uRq2YjBf0HM,2022-11-15
280,11853,1492,0,474,항공사+주가,[주식]카불공항 폭탄테러 글로벌 증시 하락 일단 관망하세요(20210827금)주식 주식투자 주식강의 주식공부 주식초보 주식단타 주식고수 단타매매,안정모의 주식투자,https://www.youtube.com/watch?v=-HRk8ATIzWM,2021-08-27
281,45,1,0,2,항공사+주가,[한국경제] (어닝 서프라이즈) 많이 번 기업이 주가도 뛴다…전문가들 눈 여겨 보는 종목은 서형교 기자,Economic news 읽어주는 여자 이코녀,https://www.youtube.com/watch?v=5HT8Zc8O28Y,2022-05-01
282,243,5,0,1,항공사+주가,[한진칼] 항공사 메가딜의 핵심은 여기!!! 오늘의 추천종목 제이엔케이히터,더블유경제TV,https://www.youtube.com/watch?v=ozNP-lOEH1c,2020-11-16
283,107,1,0,0,항공사+주가,"금호산업 아시아나 지분, 통합 항공사 거래종결 후 1년내 처분 | 연합뉴스",Krista Johnson,https://www.youtube.com/watch?v=rNcgrP66sN0,2020-12-03
284,2008,32,0,4,항공사+주가,대한항공-아시아나 합병 조건부 승인…운항편수 축소 우려도 [MBN 종합뉴스],MBN News,https://www.youtube.com/watch?v=P01DP7Zc5hk,2021-12-29
285,1181,10,0,1,항공사+주가,아시아나항공 상장 유지된다…주식 거래 재개 / 연합뉴스TV (YonhapnewsTV),연합뉴스TV,https://www.youtube.com/watch?v=rBy295Nqmkw,2021-07-16
286,21368,532,0,73,항공사+주가,"경기 최악 상황 안온다, 주식 매수해야 하는 이유 5가지 / 김선형의 진짜전략 / 투자의 아침 / 한국경제TV",한국경제TV,https://www.youtube.com/watch?v=Gyljl11UbBg,2022-04-27
287,117,0,0,2,항공사+주가,[~2021년 8월] 최근 10년 우리나라 8개 항공사 비행기 몇대 가지고 있을까? (보잉/에어버스 항공기 보유대수),에어뷰: 항공 · 여행,https://www.youtube.com/watch?v=dQ5q1-QodSc,2021-09-10
288,579,16,0,2,항공사+주가,"티웨이, 아시아나, 제주항공, 대한항공, 에어부산... 항공사 데스매치, 과연 누가 이길까? 코로나가 끝나도 계속 될 진흙탕 싸움, 그 미래는 어둡다.",채널 DRS- 항공 위키백과 airline wikipedia,https://www.youtube.com/watch?v=I1BsorUsjM4,2020-11-05
289,29420,655,0,59,항공사+주가,"[글로벌 개장시황] 친환경시대, 우라늄 주식에 눈길이 간다? f. 미국주식에미치다 장우석 본부장",삼프로TV_경제의신과함께,https://www.youtube.com/watch?v=KJjyjr94tcg,2021-04-06
290,122,0,0,0,항공사+주가,일시적 &#39;겸업 허용&#39;에 숨통 트인 항공사 직원들,뉴스토마토,https://www.youtube.com/watch?v=ptxIskYKkEs,2021-04-15
291,17305,1946,0,382,항공사+주가,[주식]1년 이내 200% 상승 할 수 있는 종목 3개 공개(20220414목)주식 주식투자 주식강의 주식공부 주식초보 주식단타 주식고수 단타매매,안정모의 주식투자,https://www.youtube.com/watch?v=-ru9Dw2WlCI,2022-04-14
292,755,11,0,3,항공사+주가,[박하윤 아나운서] &quot;한진칼 증자 문제 없다&quot; 양대 항공사 통합 탄력,한국직업방송,https://www.youtube.com/watch?v=_-CbQaI4Gs0,2020-12-03
293,4074,107,0,16,항공사+주가,[주식] [씨젠 대한항공 아시아나항공 주식분석] 씨젠 어닝 서프라이즈 대응 및 대한항공 유상증자 이슈!,절제주식투자연구소,https://www.youtube.com/watch?v=UIrI-yXD4fQ,2020-05-14
294,161324,4620,0,109,항공사+주가,투자의 선배가 전하는 초보 투자자들을 위한 가이드  [오늘 처음 투자를 시작한 당신에게 1-1부],삼프로TV_경제의신과함께,https://www.youtube.com/watch?v=cIvdEC-rQpY,2020-06-28
295,1837,27,0,5,항공사+주가,희비 갈린 항공사…아시아나 흑자전환,서울경제TV 포커스온,https://www.youtube.com/watch?v=1Uf54bqV4-Y,2021-08-17
296,71681,812,0,63,항공사+주가,그래서 삼성전자 주식  지금 사? 말아? 주식 최고수에게 물어봤다!! [귀찮지만 알려줘 ep.7],TVCHOSUN - TV조선,https://www.youtube.com/watch?v=7bYGFkxDxL8,2020-04-08
297,23042,1662,0,67,항공사+주가,(오늘의 미국주식뉴스 1부) 미국증시 이틀 연속 폭락 이끌어낸 IMF 토론회 / 주식투자 계속해도 괜찮을까?,미국주식으로 은퇴하기 - 미주은,https://www.youtube.com/watch?v=aQNAV4tWPUI,2022-04-25
298,246,,0,,항공사+주가,"쌍방울(102280), 광림(014200) ★ 항공사인수! 기업분석을 하면 답이 나온다",파트너스코리아,https://www.youtube.com/watch?v=z2cNjbkfqrw,2021-06-16
299,28,3,0,0,항공사+주가,"PEF, 정체기업에 &#39;성장판&#39; 이식/대한항공, 올해 영업이익 200% 늘 듯/&#39;115조 깜깜이 대출&#39;에 속앓이...위기의 은행들/&quot;알아서 굴려주겠지&quot;... 퇴직연금 방치했다가 충격",별별스크랩,https://www.youtube.com/watch?v=RE8fr3xsZpM,2021-02-08
300,2196,175,0,2,항공사+주가,"1155일간 혈투, JAL항공사 부활기",전략TV,https://www.youtube.com/watch?v=WcDd9NBmXsQ,2020-06-19
301,283472,5866,0,23,항공사+주가,"예상을 충족한 CPI, 투자심리는 아직//시장에서 단순환 선악의 판단은 성립되지 않는다_22.12.14",삼프로TV_경제의신과함께,https://www.youtube.com/watch?v=GtBXgZeNKvo,2022-12-14
302,6530,87,0,31,항공사+주가,"[경제 완전정복] 조원태 손들어준 법원…아시아나 인수 순항, 외국인의 배신? 자동매매의 배신?, 팬데믹 대전 동학개미의 승? (2020.12.01/뉴스외전/MBC)",MBCNEWS,https://www.youtube.com/watch?v=6d2izJ2revk,2020-12-01
303,12289,57,0,7,항공사+주가,전세계 국적항공사도 연쇄 셧다운...실물 경제 잠식 우려 / YTN, YTN,https://www.youtube.com/watch?v=bIT1K3yC5K8,2020-03-26
304,59073,1390,0,74,항공사+주가,[머니올라 75회]&quot;주가 떨어지면 경제 유지 못해&quot;...미국 증시가 강한 이유는?(김일구 상무),머니올라_KBS,https://www.youtube.com/watch?v=WLzEAlvwfxM,2020-11-05
305,4236,17,0,15,항공사+주가,"공정위, 대한항공-아시아나항공 합병 조건부 승인 가닥 / SBS",SBS 뉴스,https://www.youtube.com/watch?v=VXzkeW9eX78,2021-12-29
306,936,14,0,18,항공사+주가,델타항공 지금 사도 될까? 항공사의 미래는? | 델타항공 매수 완료,이프로tv,https://www.youtube.com/watch?v=aw31cyalWU4,2020-07-12
307,6934,218,0,41,항공사+주가,기업은 하나인데 주가는 두개?/이남우 교수(2부),와이스트릿 Ystreet,https://www.youtube.com/watch?v=1vY2yV5JtgM,2021-10-01
308,54,4,0,2,항공사+주가,[한국경제] 국내 방산株도 질주…한국항공우주 27%·LIG넥스원 17%↑ 박의명 기자,Economic news 읽어주는 여자 이코녀,https://www.youtube.com/watch?v=CCExFOrCc3g,2022-04-10
309,3391,21,0,11,항공사+주가,"대한항공, 아시아나 품을까?…&#39;빅딜&#39; 넘어야 할 산 많다 / SBS",SBS 뉴스,https://www.youtube.com/watch?v=YHGDQ_xaJbw,2020-11-14
310,19,1,0,2,항공사+주가,[The Korea Herald] Travelers flock to airport despite surge in COVID cases By Korea Herald,Economic news 읽어주는 여자 이코녀,https://www.youtube.com/watch?v=i1VgKKaOvvw,2022-07-17
311,150993,4509,0,29,항공사+주가,"경기 부양을 위한 연준의 계획과 주가에 미치는 영향은?_오늘아침 page2_박종훈, 이항영, 염승환",삼프로TV_경제의신과함께,https://www.youtube.com/watch?v=Lis0u6eDt6o,2020-10-28
312,686,6,0,0,항공사+주가,&quot;왜 유상증자?&quot; 양대 항공사 통합방식 법원 심사 착수 / 연합뉴스TV (YonhapnewsTV),연합뉴스TV,https://www.youtube.com/watch?v=ouOG4H1HMds,2020-11-25
313,128939,3168,0,357,항공사+주가,[단독] &#39;野 출신 총리·3선 의원&#39; 이스타항공에 채용청탁 문건 입수,뉴스TVCHOSUN,https://www.youtube.com/watch?v=OAQuLCNakxA,2022-09-19
314,83,1,0,0,항공사+주가,델타는 항공사 입니다.,Central Intelligence Agency,https://www.youtube.com/watch?v=o2gnXu48y4E,2021-08-23
315,350,65,0,3,항공사+주가,"마감 : 강세테마 : 탈모 치료 관련주, 항공/저가 항공사, 여행, U-Healthcare(원격진료), 치매, 줄기세포, 바이오시밀러, 전력설비, 의료기기 등...",주식회사_곽부장,https://www.youtube.com/watch?v=fIo_9Dl1jyY,2022-03-16
316,1525,43,0,5,항공사+주가,주식 수익률이 고민인 당신을 위한 영상 | 투자 전략 | 신한 알파와 해외주식으로 두 번째 월급 만들기,신한투자증권 - 알파TV,https://www.youtube.com/watch?v=Gjr3GU89Y4I,2021-05-18
317,79,0,0,0,항공사+주가,"[출발새아침] [경제 이야기] &quot;아시아나 인수하는 대한항공, 항공사 독과점 시대 열리나&quot;_최양오 현대경제연구원 고문",YTN 라디오,https://www.youtube.com/watch?v=CtuJWNTM-rY,2020-11-17
318,143,21,0,6,항공사+주가,위드코로나관련주(1편)/항공기부품관련주/저가항공사관련주,주식놀러와,https://www.youtube.com/watch?v=SYPLmLDlcGQ,2022-03-08
319,738,10,0,1,항공사+주가,저가 항공사 마일리지 적립하자! 우리카드 [ 카드의 정석 UNI MILE ],신용카드100만 포인트,https://www.youtube.com/watch?v=85E1V9UlBqA,2021-06-17
320,51769,1466,0,17,항공사+주가,이벤트에 움직이는 삼성 관련주.. 기업 가치로 판단하라 f.염승환 차장,삼프로TV_경제의신과함께,https://www.youtube.com/watch?v=lVXymjzSQ_o,2020-10-26
321,72920,3426,0,147,항공사+주가,"(오미주 2021.05.21) 당장 팔아버려야 할 성장주 3종목? / 캐시우드 인터뷰, 디플레이션이 오고있다 / 엔비디아 주가전망 / 테크주식에 관한 오해 /크루즈 주식전망",미국주식으로 은퇴하기 - 미주은,https://www.youtube.com/watch?v=GpRCl6zQxNQ,2021-05-21
322,207,18,0,2,항공사+주가,"애플, 내일 5G아이폰 공개..주가 영향은?",뉴스포터,https://www.youtube.com/watch?v=UU9rc1l1mOw,2020-10-13
323,3234,15,0,15,항공사+주가,"대한항공, 아시아나 품나…산은서 &#39;자금 지원&#39; 거론 / JTBC 뉴스룸",JTBC News,https://www.youtube.com/watch?v=NHyob_n2QF8,2020-11-13
324,137342,3973,0,125,항공사+주가,"당신의 뇌는 투자에 실패할 수 밖에 없도록 설계가 되어 있다?! (주식하는 마음 : 주식투자의 운과 실력, 결국은 마음이다!) [투자는 책과함께 #70-1]",삼프로TV_경제의신과함께,https://www.youtube.com/watch?v=0UBU6qGR3fg,2020-11-15
325,10242,93,0,27,항공사+주가,"공정위, 대한항공·아시아나 합병 ‘조건부 승인’ / KBS  2022.02.22.",KBS News,https://www.youtube.com/watch?v=glNpR0ABCGY,2022-02-22
326,389,40,0,0,항공사+주가,항공주를 산다면 ㅇㅇㅇ이 낫다,주식공무원 공식채널 주공tv,https://www.youtube.com/watch?v=Bc5yQU3jAOQ,2022-04-04
327,13599,113,0,119,항공사+주가,통합 전 인상?…대한항공 &#39;비상구 자리&#39; 웃돈 판매 논란 / JTBC 뉴스룸,JTBC News,https://www.youtube.com/watch?v=hWRX4X4ZnDg,2020-12-08
328,96,1,0,0,항공사+주가,지원금 없으면 LCC는 그냥 적자...항공사도 양극화/[심층분석]/한국경제TV뉴스,한국경제TV뉴스,https://www.youtube.com/watch?v=T2NLlBQMJvs,2022-04-21
329,6574,42,0,21,항공사+주가,주식 100억↑ &#39;슈퍼리치&#39; 2천800명…4명 중 1명 개인투자자 / SBS,SBS 뉴스,https://www.youtube.com/watch?v=TFPZuizVJtw,2021-04-12
330,1158,82,0,4,항공사+주가,[미국주식 Live] 아마존이 자율주행 스타트업 ZOOX를 인수한 핵심적인 이유,유에스스탁tv 유캔미,https://www.youtube.com/watch?v=wn0bwuCT5QU,2020-06-29
331,19,0,0,0,항공사+주가,대한항공 아시아나 인수 공식화…세계 10위권 항공사 탄생,소비자경제TV,https://www.youtube.com/watch?v=O-lsMz0Wy2A,2020-11-17
332,28,2,0,2,항공사+주가,[The Korea Herald] Joo Won returns with Netflix action film ‘Carter’ By Song Seung-hyun,Economic news 읽어주는 여자 이코녀,https://www.youtube.com/watch?v=aQWTdImzOMo,2022-08-03
333,105452,3196,0,320,항공사+주가,(주식)자녀에게 매달 적금처럼 차곡차곡 미국주식 사주자(2부),재테크읽어주는 파일럿,https://www.youtube.com/watch?v=rl96OR86XPo,2020-04-12
334,72,4,0,0,항공사+주가,"항공사를 산다면, 어떤 회사가 좋을까?",리치열,https://www.youtube.com/watch?v=UKutnivpj_0,2020-12-29
335,2362,13,0,1,항공사+주가,1분기에 선전한 대형 항공사...탈출구 못 찾는 LCC / YTN, YTN,https://www.youtube.com/watch?v=6nACvidOsr0,2021-05-19
336,10573,74,0,57,항공사+주가,"[ET] 대한항공, 아시아나 인수…소비자에게는 이익? 손해? / KBS뉴스(News)",KBS News,https://www.youtube.com/watch?v=XVdIN0iIMXo,2020-11-16
337,3392,19,0,23,항공사+주가,"통합 추진 잇단 반발에 산은 &quot;국적항공사, 이대로 가면 공멸&quot; / YTN", YTN,https://www.youtube.com/watch?v=c4FbSIP661E,2020-11-20
338,813,7,0,0,항공사+주가,대형 항공사도 유동성 ‘비상’…정부는 대책 고심 중 / KBS뉴스(News),KBS News,https://www.youtube.com/watch?v=eb2r2P5ge1g,2020-04-14
339,9175,,0,62,항공사+주가,대한항공 스카이트랙스 선정 ‘5성 항공사&#39; l Korean Air awarded ‘5-star airline’ by Skytrax,대한항공 (Korean Air),https://www.youtube.com/watch?v=cDs5xN6lr-Q,2020-12-15
340,6896,205,0,13,항공사+주가,8월 전략 : 불편함의 근원을 찾아서_월간투자전략_리서치세미나LIVE,깨비증권 마블TV [KB증권],https://www.youtube.com/watch?v=cM9gqrSYkaM,2021-08-03
341,90380,1067,0,241,항공사+주가,[스마트 리빙] 은행·증권사 망하면 내 예금·주식은 어떻게 될까? (2021.04.22/뉴스투데이/MBC),MBCNEWS,https://www.youtube.com/watch?v=Ysj7cnNqqRY,2021-04-22
342,5331,30,0,13,항공사+주가,"[기업] 아시아나항공, 코로나19 백신 완제품 첫 해외 수송 / YTN", YTN,https://www.youtube.com/watch?v=cgiYC0Tvbes,2020-12-29
343,100586,3058,0,123,항공사+주가,"최고실적 찍었는데 주가는 왜 떨어져요?😥 (이선엽 센터장, 알베르토 몬디) [김프로의 삼프로 상담소 Ep.63-1]",삼프로TV_경제의신과함께,https://www.youtube.com/watch?v=mL4eh0ix5bM,2022-04-16
344,569,28,0,0,항공사+주가,대한항공의 기적! 전세계 항공사 중 유일한 흑자 [광화문 비즈통신],디지틀조선TV,https://www.youtube.com/watch?v=Yc51Ubhp94k,2020-08-10
345,41,2,0,2,항공사+주가,"[한국경제] (대한항공, 제주항공, 진에어, 티웨이항공, 에어부산) 5개 항공사 시총, 코로나 이전보다 200% 늘어…&quot;대한항공 안전지대&quot; 고재연 기자",Economic news 읽어주는 여자 이코녀,https://www.youtube.com/watch?v=XeGXUHlLSLA,2022-04-03
346,715,88,0,0,항공사+주가,"[LIVE:항공사, 국가는 포기 못한다/ 금융주, 정부가 들여다 본다]#경제공부#주식투자#삼성전자#부자#돈#SK하이닉스#돈버는법#투자#보잉#대한항공#아시아나#라임#옵티머스#금융주",신의두뇌-경제TV[플러스],https://www.youtube.com/watch?v=ZnaJPem9ML8,2020-07-17
347,2145,34,0,15,항공사+주가,‘3천만 원→ 4백억 원’ 이상직 의원 아들딸의 이스타항공 재테크? / KBS뉴스(News),KBS News,https://www.youtube.com/watch?v=O9FzMoce5f0,2020-06-25
348,83435,32,0,3,항공사+주가,에어버스 날개 뼈를 우리 기업이 만든다고? 한국항공우주산업 [듣보기3],중소벤처기업부,https://www.youtube.com/watch?v=XWPBAM6vTBM,2022-11-18
349,185863,5849,0,54,항공사+주가,"대한항공-아시아나 빅딜.. 살아남기 위한 불가피한 선택인가?_오늘아침 page2_권순우, 김일혁, 염승환",삼프로TV_경제의신과함께,https://www.youtube.com/watch?v=s5kHF08Sqi4,2020-11-16
350,49207,325,0,258,항공사+주가,"대한항공, 아시아나 인수 추진 / KBS뉴스(News)",KBS News,https://www.youtube.com/watch?v=8Vw1oWrdbcc,2020-11-12
351,3832,28,0,29,항공사+주가,&quot;대한항공·아시아나항공 통합 이의&quot; 여당서 문제제기 / YTN, YTN,https://www.youtube.com/watch?v=LeOgD4C-mv4,2020-11-18
352,8516,51,0,8,항공사+주가,[글로벌 경제] 항공사 생존 위기…대량 해고·국유화 움직임 / KBS뉴스(News),KBS News,https://www.youtube.com/watch?v=767_q5lL5Ao,2020-05-14
353,3749,45,0,36,항공사+주가,‘3천만 원→ 4백억 원’ 이상직 의원 아들딸의 이스타항공 재테크? / KBS뉴스(News),KBS News,https://www.youtube.com/watch?v=gQUviE4aqSc,2020-06-25
354,232,1,0,0,항공사+주가,항공업계 고용유지지원금 종료…저비용항공사 무급휴직 / 연합뉴스TV (YonhapnewsTV),연합뉴스TV,https://www.youtube.com/watch?v=pHiLSm_Wq4o,2021-11-01
355,64,1,0,,항공사+주가,"대한항공_코로나 이긴 유일한 항공사?, 아시아나 결합 심사 마무리, 코로나 오메가와도 끄떡없다?",고릴라투자,https://www.youtube.com/watch?v=TMBlqLLL3r8,2021-12-06
356,2506,171,0,48,항공사+주가,주식시장 ﻿글로벌 위험 요인. 개별 종목 살펴 보기,Hyam TV,https://www.youtube.com/watch?v=_m6VWWXFVUo,2021-05-12
357,2,0,0,0,항공사+주가,[ 티웨이항공 ]  &quot; 옆에 항공사는 오르는데 티웨이는 언제????  &#39;,급등시크릿TV,https://www.youtube.com/watch?v=-b3A7vkktxU,2022-05-10
358,72,8,0,4,항공사+주가,"홍콩 4개 항공사 그리기 3탄 캐세이 드래곤 (드래곤에어)✈️ (유화+아크릴화) Drawing 4 Airlines in HK, 3. Cathay Daragon(Dragon Air)",김유쾌,https://www.youtube.com/watch?v=K9mcScZqGtU,2020-11-08
359,22,0,0,0,항공사+주가,세계 10위 항공사 탄생?…독과점·특혜 논란/ 한국경제TV뉴스,한국경제TV뉴스,https://www.youtube.com/watch?v=kFs29aNqMlU,2020-11-16
360,1767,9,0,3,항공사+주가,대규모 감원 시작... 항공사 협력업체까지 도미노 / KBS뉴스(News),KBS News,https://www.youtube.com/watch?v=FrJd6Mi_Xvw,2020-04-02
361,20633,146,0,54,항공사+주가,"이스타 생환했지만, 저가항공 생존경쟁 이제 시작 / KBS 2021.06.26.",KBS News,https://www.youtube.com/watch?v=Tf7YZAzANRY,2021-06-26
362,571707,6872,0,329,항공사+주가,[FULL VER.] 기후변화가 앞으로의 주식 시장에 미칠 영향 | #미래수업 #Diggle,tvN STORY 티비엔 스토리,https://www.youtube.com/watch?v=DC0O1Mh7eSI,2020-08-25
363,47,4,0,0,항공사+주가,"홍콩국가보안법, 타이항공사 파산신청, 한진칼 경영권분쟁,  오늘의 주식뉴스_앤트맨의주식채널",앤트맨의주식채널,https://www.youtube.com/watch?v=FsGyuLOEPao,2020-05-27
364,1427,12,0,7,항공사+주가,"대한항공, 아시아나 인수 추진…“확정된 바 없다” / KBS뉴스(News)",KBS News,https://www.youtube.com/watch?v=Sg6y9TJnR7o,2020-11-13
365,29121,615,0,18,항공사+주가,"자동차 주식 V반등, 유동성 문제를 주의해라 (권순우)",삼프로TV_경제의신과함께,https://www.youtube.com/watch?v=cXJk95viPw4,2020-05-04
366,28498,2750,0,72,항공사+주가,코스닥외국인기관순매도#LG엔솔패시브자금유입#MSCI#삼성전자SK하이닉스하락#위메이드 컴투스홀딩스 #에코프로비엠급락 #현시점증시대응전략은,TV주식의 강해,https://www.youtube.com/watch?v=4LoORVpwn4A,2022-02-07
367,649,29,0,14,항공사+주가,중국이 어떻게 했길래 중국항공사가 먼저 회복하는거야!,썩삼TV suksam,https://www.youtube.com/watch?v=jjFg-5vPcFI,2020-10-30
368,162740,3050,0,212,항공사+주가,중국 항공사의 몰락 (단일기업 부채 125조!!!)   하루이자 350억원!!!!!,분노의 빡사장,https://www.youtube.com/watch?v=lDkEYtXRBTs,2020-03-12
369,1377175,8231,0,2124,항공사+주가,승무원은 &quot;머리 숙여&quot; 승객은 울고..공포의 비상착륙 [뉴스.zip/MBC뉴스],MBCNEWS,https://www.youtube.com/watch?v=qVUvd_tL8rY,2022-10-25
370,4764,29,0,8,항공사+주가,"대한항공, 아시아나 인수 성사되나...내일 관계장관회의 주목 / YTN", YTN,https://www.youtube.com/watch?v=JA7BQXGuYzc,2020-11-15
371,16,2,0,2,항공사+주가,"[한국경제] 씨티, 얻어맞은 주식 우선 매수 전략 추천 김정아 기자",Economic news 읽어주는 여자 이코녀,https://www.youtube.com/watch?v=w-9WGdqQDNA,2022-08-04
372,17413,547,0,26,항공사+주가,"이수화학 인적분할, 석유화학 동반 하락세 f. 이베스트투자증권 염승환 이사 [증시 염탐정]",삼프로TV_경제의신과함께,https://www.youtube.com/watch?v=msHDO500pT4,2022-11-30
373,8,2,0,2,항공사+주가,[The Korea Herald] Asiana resumes Incheon-Beijing route after 2 years By Yonhap,Economic news 읽어주는 여자 이코녀,https://www.youtube.com/watch?v=veVLDfWgEDk,2022-07-25
374,185025,8772,0,368,항공사+주가,국내 주식으로 돈 벌 수 있다,재테크읽어주는 파일럿,https://www.youtube.com/watch?v=-_e45QQevPI,2021-11-15
375,191664,5317,0,55,항공사+주가,"최대 주주의 시각에서 바라보는 현대차 그룹의 &#39;지배구조 개편&#39;.. 주가의 흐름은?_오늘아침 page2_최남곤, 전승지, 염승환",삼프로TV_경제의신과함께,https://www.youtube.com/watch?v=bhLks1Wu1Jg,2020-11-13
376,2785,84,0,7,항공사+주가,"버크셔 2021 주주총회에서 얻은 워렌 버핏, 찰리 멍거 선생님의 투자 꿀팁",신지은의 경제백과,https://www.youtube.com/watch?v=WrAy4mXybdw,2021-05-03
377,158522,1149,0,648,항공사+주가,"&quot;우크라이나, 이번 주가 최대 고비&quot;...외교관·외국인 탈출 러시 / YTN", YTN,https://www.youtube.com/watch?v=VlYbHvR81kM,2022-02-14
378,19,1,0,2,항공사+주가,"[한국경제] 테슬라, 주식분할…이젠 &#39;삼백슬라&#39; 서형교 기자",Economic news 읽어주는 여자 이코녀,https://www.youtube.com/watch?v=SBg9iLYuse0,2022-08-05
379,2570,32,0,3,항공사+주가,[재택플러스] 경기 회복 기대감에 항공주 상승세 (2021.05.25/뉴스투데이/MBC),MBCNEWS,https://www.youtube.com/watch?v=7bCqb3jJcOA,2021-05-25
380,1039,6,0,4,항공사+주가,"아시아나 품는 대한항공…산은, 사실상 &#39;재무 투자자&#39; 역할 / JTBC 아침&amp;",JTBC News,https://www.youtube.com/watch?v=jeQ6n--HHyU,2020-11-17
381,4867,43,0,5,항공사+주가,‘미 공항 5G 위험’ 논란에 각국 항공사 운항 취소·변경 / KBS  2022.01.20.,KBS News,https://www.youtube.com/watch?v=vnTUb1bnffc,2022-01-20
382,1439,15,0,4,항공사+주가,[탐사K] 중국 업체가 300억 투자?…허위공시 주가조작 / KBS뉴스(News),KBS News,https://www.youtube.com/watch?v=SgzRIGSWYUU,2020-01-31
383,1549,14,0,1,항공사+주가,유명 전문가의 3억 몰빵! 대한항공 정말 괜찮은가?,호밀리차트,https://www.youtube.com/watch?v=MFQEwC9o2-0,2020-08-12
384,158695,1493,0,83,항공사+주가,"[#인기급상승] 저 연기할 거예요🔥 배우 진기주가 새로운 꿈을 찾아 대기업을 그만두게 된 이유. 기자, 슈퍼모델까지 못하는 게 없는 만능캐🤩 | #유퀴즈온더블럭 #디글",디글 :Diggle,https://www.youtube.com/watch?v=esYbrEDhSZg,2021-03-11
385,27813,2865,0,681,항공사+주가,[주식]삼성전자 10만원 넘어 간다 매수하고 버텨라(20201115일)주식 주식투자 주식강의 주식공부 주식초보 주식단타 주식고수 단타매매,안정모의 주식투자,https://www.youtube.com/watch?v=fye_01Bacag,2020-11-15
386,1112,6,0,4,항공사+주가,"아시아나 인수확정? 아시아나 유상증자 및 24년 통합항공사 출시 계획(0328) 한전의 전기요금 할인, 제자리걸음. 주린이의 주식일기 - 3편(03/22~28)",1분자취요리,https://www.youtube.com/watch?v=mnFWeySfG1A,2021-03-28
387,322,1,0,1,항공사+주가,재협상 요구·체불임금 발목…항공사 M&amp;A &#39;흔들&#39; / 연합뉴스TV (YonhapnewsTV),연합뉴스TV,https://www.youtube.com/watch?v=kMpI8K1-LUk,2020-06-09
388,675,6,0,0,항공사+주가,외국인 입국막은 베트남 항공사들 파산하나? 베트남 에어 긴급 항공기 처분에 나서다,문진짜TV,https://www.youtube.com/watch?v=Qqvq6dIKlLs,2020-08-08
389,877733,20542,0,704,항공사+주가,[리얼 드라마📺] 상처는 사랑으로 치유됩니다ㅣ스티브 모리슨 장로ㅣ새롭게하소서,새롭게하소서CBS,https://www.youtube.com/watch?v=WX9mfZGNaKM,2022-01-24
390,2315,26,0,4,항공사+주가,"&#39;챔프전 1차전&#39; 잡은 대한항공, 통합우승까지 단 1승! / YTN", YTN,https://www.youtube.com/watch?v=9VDtz6PK9OM,2022-04-06
391,41,4,0,3,항공사+주가,[한국경제] 매도 돌아선 &#39;서학개미&#39;…8월 美 주식 8000억 팔았다 김현경 기자,Economic news 읽어주는 여자 이코녀,https://www.youtube.com/watch?v=_G4SKpcJLvA,2022-09-04
392,1859,42,0,3,항공사+주가,"항공주,여행주 이젠 내다 팔아라~ 2주전부터 항공사 관련 의견을 드렸습니다.   [주식공무원 #676 투자전략]",주식공무원 공식채널 주공tv,https://www.youtube.com/watch?v=-phBZtYFoI4,2020-03-17
393,87,1,0,0,항공사+주가,"항공사 통합 첫 관문 통과…법원, 한진칼 신주발행 허용",SBS Biz 뉴스,https://www.youtube.com/watch?v=1EWyQj4facQ,2020-12-01
394,69,2,0,0,항공사+주가,"테마주, 특징주, 뉴스, 섹터정리_해저터널 항공사/LCC 관련주 210506 [와펜&#39;s Pick]",와펜,https://www.youtube.com/watch?v=szuznDxgY4w,2021-05-06
395,71,3,0,2,항공사+주가,"[한국경제] &quot;주가 절대적 저평가&quot;…골프존, 하루 만에 4% &#39;반등&#39; 박의명 기자",Economic news 읽어주는 여자 이코녀,https://www.youtube.com/watch?v=EZeMbFiq0ow,2022-09-05
396,34,1,0,2,항공사+주가,[한국경제] 버핏 지분 일부 매각에 中비야디 주가 13% 급락 연합뉴스,Economic news 읽어주는 여자 이코녀,https://www.youtube.com/watch?v=KmKq3CpaxjY,2022-08-31
397,33507,274,0,145,항공사+주가,"&quot;우크라이나, 이번 주가 최대 고비&quot;...외교관·외국인 탈출 러시 / YTN", YTN,https://www.youtube.com/watch?v=GNXLHcPKavM,2022-02-14
398,68067,653,0,688,항공사+주가,주식·코인 대박 노리다…개인회생 45%가 2030세대 | 뉴스A,채널A 뉴스,https://www.youtube.com/watch?v=RRGDeZoovfU,2022-09-23
399,27,2,0,1,항공사+주가,"📈 비행기는 안전하다는 미국방부 #MU(마이크론), #WDC, #AAL, #DAL(델타), #UAL, #LUV, #LAKE",가투로캠퍼스,https://www.youtube.com/watch?v=_gyLWQ2mEH8,2020-10-20
400,2315,26,0,4,항공사+주가,"&#39;챔프전 1차전&#39; 잡은 대한항공, 통합우승까지 단 1승! / YTN", YTN,https://www.youtube.com/watch?v=9VDtz6PK9OM,2022-04-06
401,41,4,0,3,항공사+주가,[한국경제] 매도 돌아선 &#39;서학개미&#39;…8월 美 주식 8000억 팔았다 김현경 기자,Economic news 읽어주는 여자 이코녀,https://www.youtube.com/watch?v=_G4SKpcJLvA,2022-09-04
402,1112,6,0,4,항공사+주가,"아시아나 인수확정? 아시아나 유상증자 및 24년 통합항공사 출시 계획(0328) 한전의 전기요금 할인, 제자리걸음. 주린이의 주식일기 - 3편(03/22~28)",1분자취요리,https://www.youtube.com/watch?v=mnFWeySfG1A,2021-03-28
403,1859,42,0,3,항공사+주가,"항공주,여행주 이젠 내다 팔아라~ 2주전부터 항공사 관련 의견을 드렸습니다.   [주식공무원 #676 투자전략]",주식공무원 공식채널 주공tv,https://www.youtube.com/watch?v=-phBZtYFoI4,2020-03-17
404,69,2,0,0,항공사+주가,"테마주, 특징주, 뉴스, 섹터정리_해저터널 항공사/LCC 관련주 210506 [와펜&#39;s Pick]",와펜,https://www.youtube.com/watch?v=szuznDxgY4w,2021-05-06
405,71,3,0,2,항공사+주가,"[한국경제] &quot;주가 절대적 저평가&quot;…골프존, 하루 만에 4% &#39;반등&#39; 박의명 기자",Economic news 읽어주는 여자 이코녀,https://www.youtube.com/watch?v=EZeMbFiq0ow,2022-09-05
406,34,1,0,2,항공사+주가,[한국경제] 버핏 지분 일부 매각에 中비야디 주가 13% 급락 연합뉴스,Economic news 읽어주는 여자 이코녀,https://www.youtube.com/watch?v=KmKq3CpaxjY,2022-08-31
407,33507,274,0,145,항공사+주가,"&quot;우크라이나, 이번 주가 최대 고비&quot;...외교관·외국인 탈출 러시 / YTN", YTN,https://www.youtube.com/watch?v=GNXLHcPKavM,2022-02-14
408,17,2,0,2,항공사+주가,[The Korea Herald] New COVID-19 cases down for 3rd day; deaths at over 3-month high By Yonhap,Economic news 읽어주는 여자 이코녀,https://www.youtube.com/watch?v=N5PVu_KoKU0,2022-08-14
409,68067,653,0,688,항공사+주가,주식·코인 대박 노리다…개인회생 45%가 2030세대 | 뉴스A,채널A 뉴스,https://www.youtube.com/watch?v=RRGDeZoovfU,2022-09-23
410,11296,61,0,26,항공사+주가,승무원들이 직접 항공사의 CM송을 만들어본다면?!!,감귤항공,https://www.youtube.com/watch?v=I-YsW97Uodc,2021-06-03
411,27,2,0,1,항공사+주가,"📈 비행기는 안전하다는 미국방부 #MU(마이크론), #WDC, #AAL, #DAL(델타), #UAL, #LUV, #LAKE",가투로캠퍼스,https://www.youtube.com/watch?v=_gyLWQ2mEH8,2020-10-20
412,20,1,0,2,항공사+주가,"[한국경제] 씨티, 줌 비디오 주가 추가하락 전망…투자의견 &#39;매도&#39; 김정아 기자",Economic news 읽어주는 여자 이코녀,https://www.youtube.com/watch?v=sfswB4eJrIk,2022-08-16
413,290,6,0,0,항공사+주가,"0459 국적 항공사별 월간 여객실적 순위: 대한항공,아시아나항공,에어부산,에어서울,이스타항공,제주항공,진에어,티웨이항공,에어프레미아,플라이강원,에어로케이(2009-2022)",Data Storytelling : 데이터 스토리텔링,https://www.youtube.com/watch?v=R-pvMaEPF0s,2022-12-08
414,124,0,0,0,항공사+주가,[~2022년 4월] 최근 10년 우리나라 항공사 12개 비행기 보유대수 변화,에어뷰_항공역사,https://www.youtube.com/watch?v=Xjy2SKP3Bm4,2022-05-16
415,1115,9,0,2,항공사+주가,"[기업] 아시아나항공, &#39;기내 동전 모으기&#39; 27년 만에 150억 원 돌파 / YTN", YTN,https://www.youtube.com/watch?v=ozUtqYm7Krk,2021-09-09
416,106085,2970,0,32,항공사+주가,"너도 나도 화이자 관련주? 바이오 주가는 어떻게 될까?_퇴근길 page2_선민정, 김현겸",삼프로TV_경제의신과함께,https://www.youtube.com/watch?v=VG7VMezogS8,2020-11-13
417,13,2,0,4,항공사+주가,[The Korea Herald] Drug smuggling grows over 10% in H1 By Yonhap,Economic news 읽어주는 여자 이코녀,https://www.youtube.com/watch?v=r3nU8EH-ick,2022-07-26
418,33,3,0,2,항공사+주가,[The Korea Herald] Will Samsung make cars again? By Lee Ji-yoon,Economic news 읽어주는 여자 이코녀,https://www.youtube.com/watch?v=2q4riZBitqk,2022-08-01
419,12569,77,0,12,항공사+주가,[애뿔 주식 포함☞] 80조 원 이상 손실한 &#39;워런 버핏&#39; 정산회담(moneyroad) 9회,JTBC Entertainment,https://www.youtube.com/watch?v=-jsAzMz87uU,2020-04-07
420,6,2,0,2,항공사+주가,[The Korea Herald] Daughter of late Samsung chairman tapped as advisor to Samsung Global Research,Economic news 읽어주는 여자 이코녀,https://www.youtube.com/watch?v=S0DxsvHzTHM,2022-08-03
421,2525574,18400,0,4618,항공사+주가,세 번째 시도만에 가까스로 착륙‥공포의 1시간 &quot;죽을 수도 있겠다&quot; (2022.10.24/뉴스데스크/MBC),MBCNEWS,https://www.youtube.com/watch?v=IYIi4v-POfo,2022-10-24
422,8391,165,0,6,항공사+주가,"속속 풀리는 해외 입국제한…항공사, 중장거리 운항 채비 / 머니투데이방송 (뉴스)",MTN 머니투데이방송,https://www.youtube.com/watch?v=HqL46h0v3aY,2022-02-16
423,71,2,0,0,항공사+주가,"[업종공략] 자동차, 저가항공사, 현대자동차 (KTB투자증권 이성웅 과장)",이기는 주식투자,https://www.youtube.com/watch?v=f55bNG-kHqI,2020-09-17
424,76,4,0,2,항공사+주가,[한국경제] &quot;제주항공이 살림살이 다 거덜낼 판&quot;…주주들 탄식 김익환 기자,Economic news 읽어주는 여자 이코녀,https://www.youtube.com/watch?v=rd0_sIVMIaI,2022-08-29
425,58,4,0,2,항공사+주가,[한국경제] 중국 주식 바닥 쳤나…&quot;실적 안정 확인&quot; 낙관론 확산 강현우 기자,Economic news 읽어주는 여자 이코녀,https://www.youtube.com/watch?v=VQN98zElK90,2022-06-05
426,12,0,0,0,항공사+주가,에어부산 저가 항공사의 비애 리오프닝 수혜 박살?,여의도클라쓰,https://www.youtube.com/watch?v=hfJ8XZIgd0w,2022-06-03
427,2056,107,0,2,항공사+주가,"- 항공/저가 항공사(LCC), 여행/면세점/카지노 - 국내 위드코로나 전환 기대감 부각 및 美머크 경구용 코로나19 치료제 기대감 등에 상승",주식회사_곽부장,https://www.youtube.com/watch?v=Vluln--GCNE,2021-10-05
428,925,8,0,3,항공사+주가,&quot;여행 연기 · 취소해달라&quot;…3단계 여부 이번 주가 고비 / SBS,SBS 뉴스,https://www.youtube.com/watch?v=qN4FuWikpYw,2020-08-25
429,40497,933,0,40,항공사+주가,재정 중심의 정책 전환 여부가 은행업종 주가의 변수 (f.서영수),삼프로TV_경제의신과함께,https://www.youtube.com/watch?v=qJXwO-tw_Dw,2020-05-08
430,11411,43,0,20,항공사+주가,코로나 여파에도 &quot;대한항공 들어갈래요&quot; / SBS / 친절한 경제,SBS 뉴스,https://www.youtube.com/watch?v=BrlF7mtcqOE,2020-06-09
431,1418,12,0,8,항공사+주가,"[친절한 경제] 대한항공의 아시아나 인수, 요금 인상 우려는? / KBS뉴스(News)",KBS News,https://www.youtube.com/watch?v=70tNkYsOoDI,2020-11-17
432,5,2,0,2,항공사+주가,"[Herald] S. Korea&#39;s new COVID-19 cases below 100,000 for 2nd day; critical cases at 4-month high",Economic news 읽어주는 여자 이코녀,https://www.youtube.com/watch?v=1HbKOUFMQdA,2022-08-16
433,9,1,0,2,항공사+주가,[The Korea Herald] South Korea pardons chaebols for ‘COVID-19’s economic fallout’ By Kim Arin,Economic news 읽어주는 여자 이코녀,https://www.youtube.com/watch?v=z188BL16PJc,2022-08-12
434,194,1,0,0,항공사+주가,"적자 1조원 넘은 저비용항공사LCC, 전망은  [비즈니스 트렌드]",한국경제매거진,https://www.youtube.com/watch?v=rJ_bPb8mVig,2021-09-07
435,4463,22,0,17,항공사+주가,예약 취소에 &#39;촉각&#39;…여행 · 항공업계 다시 날개 접나 / SBS,SBS 뉴스,https://www.youtube.com/watch?v=CjMP0tLST8E,2021-11-29
436,50144,473,0,79,항공사+주가,"[재택플러스] 미국, 5G 서비스‥줄줄이 항공 노선 변경·취소 (2022.01.21/뉴스투데이/MBC)",MBCNEWS,https://www.youtube.com/watch?v=y6xeyxwCqao,2022-01-21
437,19,2,0,0,항공사+주가,[The Korea Herald] Inflation likely to exceed 5% this year By Kim So-hyun,Economic news 읽어주는 여자 이코녀,https://www.youtube.com/watch?v=08CcVsDUf1Q,2022-08-08
438,134,10,0,8,항공사+주가,주식RPG Lv.26 코로나 백신 개발된다? 어떤 종목이 좋을까?? [주식단테VIP 기법 공부하기],바나나콜라 주식tv,https://www.youtube.com/watch?v=pOoYJCWiUsI,2020-11-10
439,27,1,0,2,항공사+주가,[한국경제] &quot;인텔·AMD·퀄컴 투자는 단기적 위험...대신 이것 사라&quot; 이연정 기자,Economic news 읽어주는 여자 이코녀,https://www.youtube.com/watch?v=VVJbltWFoT8,2022-08-12
440,3773,462,0,15,항공사+주가,[슈개프] 항공사 자본잠식 예정. NAVER 앞으로 얼마나 더 하락... 인터넷 보다 더 큰 시장은? 로봇시장.,슈개프,https://www.youtube.com/watch?v=z90mUflmzSI,2022-10-04
441,10,1,0,2,항공사+주가,[The Korea Herald] Coway’s ice-making water purifier sales jump 30% in July By Kim So-hyun,Economic news 읽어주는 여자 이코녀,https://www.youtube.com/watch?v=8iFNXMXpPtE,2022-08-19
442,9148,234,0,18,항공사+주가,"주식, 한 번에 살까요? 나눠서 살까요? 분할매수/ 분할매도의 모든 것! | 해외주식으로 두 번째 월급 만들기 EP. 6 | 분할매매 | 월급구조대",신한투자증권 - 알파TV,https://www.youtube.com/watch?v=I7jIAeHGiOI,2020-07-21
443,78,2,0,2,항공사+주가,[한국경제] &#39;제2의 오징어게임&#39; 되나…&#39;수리남&#39; 수혜주는 어디? 박병준 기자,Economic news 읽어주는 여자 이코녀,https://www.youtube.com/watch?v=nzglADXN8AY,2022-09-11
444,35,2,0,2,항공사+주가,[한국경제] 파월 태풍도 비껴가는 밈주식...3일째 상승세 김정아 기자,Economic news 읽어주는 여자 이코녀,https://www.youtube.com/watch?v=7UZ5kuOGKDE,2022-08-30
445,7,1,0,2,항공사+주가,[The Korea Herald] S. Korea’s total population falls for the first time in 2021 By Nam Kyung-don,Economic news 읽어주는 여자 이코녀,https://www.youtube.com/watch?v=lY_5cwsTabw,2022-08-16
446,88897,546,0,38,항공사+주가,[요약] 45년간 FBI도 못 잡은 미국 유일의 미해결 항공 납치 &#39;댄 쿠퍼 사건&#39; #당신이혹하는사이 | SBSNOW,SBS NOW / SBS 공식 채널,https://www.youtube.com/watch?v=4rHbv4aEjXI,2021-08-30
447,26,3,0,2,항공사+주가,[한국경제] &quot;20억달러에 자산 인수&quot;…사모펀드 제안에 콜스 주가 급등 조재길 특파원,Economic news 읽어주는 여자 이코녀,https://www.youtube.com/watch?v=WTaahsCRob8,2022-09-04
448,353,12,0,1,항공사+주가,40%급등 25%급락 항공주의 미래는? - 아메리칸 에어라인,인케빈 뉴스 - 미국주식,https://www.youtube.com/watch?v=qzikS2v27Dk,2020-06-15
449,12503,82,0,14,항공사+주가,[ET] “올여름 해외로 휴가 가시나요? 그렇다면 ‘분실·지연’ 각오하세요” / KBS  2022.07.18.,KBS News,https://www.youtube.com/watch?v=DNXTAQLTYtA,2022-07-18
450,17,1,0,4,항공사+주가,[한국경제] 中 ETF 직접투자 열린지 한달…외국인들 &#39;무덤덤&#39; 성상훈 기자,Economic news 읽어주는 여자 이코녀,https://www.youtube.com/watch?v=vk6LBaRGB4Q,2022-08-17
451,5,1,0,2,항공사+주가,[The Korea Herald] Exports of Korean instant noodles hit fresh all-time high in H1 By Yonhap,Economic news 읽어주는 여자 이코녀,https://www.youtube.com/watch?v=nfnBP-poha0,2022-08-07
452,279,4,0,2,항공사+주가,"[한국경제] &quot;이대로면 2위 자리마저 뺏긴다&quot;…SK하이닉스, 15조 베팅 정지은 기자",Economic news 읽어주는 여자 이코녀,https://www.youtube.com/watch?v=Mb4tjXIKtEA,2022-09-07
453,31,5,0,2,항공사+주가,[VLOG] #🍤 #후토마끼 만들기,Economic news 읽어주는 여자 이코녀,https://www.youtube.com/watch?v=HFX3dyQ4rmw,2022-08-29
454,12499,168,0,79,항공사+주가,"주가 조작 vs 김문기…양당, 서로 &quot;네가 거짓말&quot; / JTBC 정치부회의",JTBC News,https://www.youtube.com/watch?v=vh-an71LROA,2022-02-25
455,22,4,0,2,항공사+주가,"[한국경제] 유로화 가치, 20년 만에 0.99달러마저 깨졌다 이고운 기자",Economic news 읽어주는 여자 이코녀,https://www.youtube.com/watch?v=VQN-tlV3gx8,2022-09-05
456,7,2,0,2,항공사+주가,[The Korea Herald] One-third of newly registered taxis electric By Kim Da-sol,Economic news 읽어주는 여자 이코녀,https://www.youtube.com/watch?v=REabnjp3Xdc,2022-08-20
457,4187,22,0,14,항공사+주가,"대한항공, 아시아나 인수 본격화 / KBS뉴스(News)",KBS News,https://www.youtube.com/watch?v=z0fHxblODMk,2020-11-16
458,51,4,0,2,항공사+주가,"[한국경제] 중국 수출 직격탄 맞은 엔비디아, 부랴부랴 해명 이영호 기자",Economic news 읽어주는 여자 이코녀,https://www.youtube.com/watch?v=KdB_N7FKAh0,2022-09-02
459,19,0,0,2,항공사+주가,"[한국경제] 삼성전자, 장초반부터 &#39;5만전자&#39;로…SK하이닉스도 1%대 약세 신현아 기자",Economic news 읽어주는 여자 이코녀,https://www.youtube.com/watch?v=61UK_353oVs,2022-08-22
460,10,1,0,2,항공사+주가,[한국경제] 루이비통도 반했다…한국 &#39;길거리 패션&#39;에 큰손들 뭉칫돈 배정철 기자,Economic news 읽어주는 여자 이코녀,https://www.youtube.com/watch?v=bYAOzu8tgPM,2022-08-19
461,16,3,0,2,항공사+주가,[The Korea Herald] (윤봉길 의사) [Scholars and their Spaces] What do men live by?,Economic news 읽어주는 여자 이코녀,https://www.youtube.com/watch?v=uLa_PSWykU8,2022-08-21
462,15,1,0,2,항공사+주가,[한국경제] 모더나 &#39;호실적&#39;…여전한 코로나 백신 수요에 개량형까지 연합뉴스,Economic news 읽어주는 여자 이코녀,https://www.youtube.com/watch?v=new7Rh6bXvA,2022-08-04
463,29,3,0,3,항공사+주가,[한국경제] 국채금리 급등에 하락…나스닥 2.18%↓ [뉴욕증시 브리핑] 한경우 기자,Economic news 읽어주는 여자 이코녀,https://www.youtube.com/watch?v=mklZAn0meC0,2022-04-12
464,36,3,0,2,항공사+주가,[VLOG] 요리 + 집콕 🥗,Economic news 읽어주는 여자 이코녀,https://www.youtube.com/watch?v=cRkOQ1ofUsA,2022-08-18
465,136,10,0,0,항공사+주가,실화냐!! NO.3 공룡항공사의 전노선 셧다운!!!!,채널트래블,https://www.youtube.com/watch?v=4YCnYHXtCmM,2020-03-22
466,5,1,0,0,항공사+주가,[The Korea Herald] Cigarette sales in S. Korea up 1.9% in H1 By Nam Kyung-don,Economic news 읽어주는 여자 이코녀,https://www.youtube.com/watch?v=dUUgb5M3l6Q,2022-08-21
467,41,3,0,2,항공사+주가,[한국경제] &quot;9월 증시 하락장 견딜 수 있는 FAANG주는 &#39;이것&#39;&quot; 홍성진 외신캐스터,Economic news 읽어주는 여자 이코녀,https://www.youtube.com/watch?v=7KbLOXHqf0U,2022-08-30
468,22,2,0,3,항공사+주가,[한국경제] 6990원에도 남는다는데…프랜차이즈 치킨값 안 내리는 이유 이미나 기자,Economic news 읽어주는 여자 이코녀,https://www.youtube.com/watch?v=7nnnsmP_agg,2022-08-18
469,1839,193,0,50,항공사+주가,"주식시황] 12/2 美, 상승출발후 돌연 하락마감/ 지난 30일 공매도 1조원 나왔다 / 글로벌 투자은행, 코스피 전망 줄하향",성투사의주식으로 부자되기,https://www.youtube.com/watch?v=l6_TgRbl6bQ,2021-12-02
470,20320,1399,0,45,항공사+주가,[특집 인터뷰 2부] 진 먼스터 - 애플과 테슬라에 꼭 투자해야 하는 이유 #테슬라주식전망 #애플주식전망 #애플카전망 #테슬라투자가치,미국주식으로 은퇴하기 - 미주은,https://www.youtube.com/watch?v=DNiP5mWDAPY,2022-07-30
471,45,2,0,2,항공사+주가,"[한국경제] &quot;피, 땀, 눈물 쏙 뺐다&quot;…하이브의 숨가빴던 72시간 박병준 기자",Economic news 읽어주는 여자 이코녀,https://www.youtube.com/watch?v=AseqODAVONE,2022-09-04
472,228,3,0,3,항공사+주가,"[한국경제] &quot;카카오픽코마, 日 상장 내년으로 미룰 듯…기업가치 8조 목표&quot; 연합뉴스",Economic news 읽어주는 여자 이코녀,https://www.youtube.com/watch?v=eTRWwYweQtg,2022-08-23
473,40,3,0,2,항공사+주가,"[한국경제] 초고수들, 포스코케미칼 팔아 테슬라·애플 협력사 사들여 한경우 기자",Economic news 읽어주는 여자 이코녀,https://www.youtube.com/watch?v=wjr_drDbpHY,2022-09-06
474,36,2,0,2,항공사+주가,[한국경제] 서울대도 심각한 위기감…베트남에 분교 설립 추진 강진규 기자,Economic news 읽어주는 여자 이코녀,https://www.youtube.com/watch?v=isZXYuazF-8,2022-08-16
475,50,4,0,2,항공사+주가,[한국경제] 중국 위안화 가치 급락에 외화 지급준비율 2% 인하 예고 연합뉴스,Economic news 읽어주는 여자 이코녀,https://www.youtube.com/watch?v=B3g2mUsJgMc,2022-09-05
476,36,2,0,2,항공사+주가,[한국경제] (인플레이션) 재닛 옐런 &quot;내가 틀렸다...인플레 이렇게 지독할 줄 몰라&quot; 이연정 기자,Economic news 읽어주는 여자 이코녀,https://www.youtube.com/watch?v=PW8lLfjMBkA,2022-06-01
477,83,4,0,0,항공사+주가,&#39;공룡항공사&#39; 탄생...그나저나 내 마일리지는? / 이지효의 플러스픽 / 한국경제TV뉴스,한국경제TV뉴스,https://www.youtube.com/watch?v=jFHEHshtIEg,2020-11-17
478,29,1,0,2,항공사+주가,[한국경제] 부동산시장 침체에 가구·인테리어 기업 실적 &#39;뚝&#39;…&quot;개선 기대&quot; 연합뉴스,Economic news 읽어주는 여자 이코녀,https://www.youtube.com/watch?v=OgSce04RMwc,2022-08-14
479,22,1,0,2,항공사+주가,"[한국경제] &quot;반지하 다 없앤다니…고시원이나 쪽방 가서 살라는 소리&quot; 이정호, 이현일 기자",Economic news 읽어주는 여자 이코녀,https://www.youtube.com/watch?v=jEfFYaIVTw0,2022-08-12
480,266,4,0,0,항공사+주가,[이슈플러스] 항공사 ‘불황형흑자’…여객·유가 악재,서울경제TV 포커스온,https://www.youtube.com/watch?v=BGh-EJip4tU,2021-07-23
481,376,10,0,0,항공사+주가,[NH선물] 원자재 선물 – 에너지,NH선물,https://www.youtube.com/watch?v=6Cli5rZThlI,2022-12-20
482,737,11,0,0,항공사+주가,[저가 항공사 비교] 진에어 VS 제주항공,[TSC] 교통종합채널,https://www.youtube.com/watch?v=aejZ3LZogr0,2021-09-04
483,34,2,0,2,항공사+주가,[한국경제] &quot;집값 떨어질 텐데 왜 사&quot;…임대주택 기웃거리는 2030 오세성 기자,Economic news 읽어주는 여자 이코녀,https://www.youtube.com/watch?v=MS3YnTJxqos,2022-08-10
484,73,2,0,2,항공사+주가,"[VLOG] (17) 메밀국수, 갈비찜, 죽 만들기 👩🏻‍🍳🌳",Economic news 읽어주는 여자 이코녀,https://www.youtube.com/watch?v=6gnKjtS8F7M,2022-04-29
485,9016,180,0,98,항공사+주가,HMM 주가 고점과 조선사 어닝쇼크 분석 [엄경아 신영증권 연구위원],카운트머니,https://www.youtube.com/watch?v=ooBq57oW4eg,2021-08-20
486,40,1,0,0,항공사+주가,[한국경제] 실수요자 좋아하는 아파트 브랜드 1위 &#39;아크로&#39; 이송렬 기자,Economic news 읽어주는 여자 이코녀,https://www.youtube.com/watch?v=D0bWFW9xNrc,2022-09-06
487,5,1,0,2,항공사+주가,[한국경제] 7월 영국 소매 매출액 전월비 0.3%↑…온라인 판매 호조 엄수영 기자,Economic news 읽어주는 여자 이코녀,https://www.youtube.com/watch?v=kFFEizPgwGE,2022-08-20
488,1210,27,0,5,항공사+주가,버진갤럭틱 초음속 여행 항공사(초음속 2편),양군이형,https://www.youtube.com/watch?v=Nev8Z6csBf8,2022-05-06
489,28,1,0,2,항공사+주가,"[한국경제] 적자 또 적자…소프트뱅크, 2분기 31조원 순손실 연합뉴스",Economic news 읽어주는 여자 이코녀,https://www.youtube.com/watch?v=pGgl-FNcDbI,2022-08-09
490,38,1,0,2,항공사+주가,[한국경제] 50년 뒤 한국 현실 충격 그 자체…&#39;경기도가 사라지는 셈&#39; 황정환 기자,Economic news 읽어주는 여자 이코녀,https://www.youtube.com/watch?v=UP0nd6_1Pok,2022-08-15
491,57,4,0,2,항공사+주가,"[한국경제] &quot;추석 상여는커녕…월급도 겨우 챙겨준다&quot; 中企 대표의 한탄 안대규, 강경주 기자",Economic news 읽어주는 여자 이코녀,https://www.youtube.com/watch?v=jgDm4JbpUeo,2022-09-06
492,10,0,0,0,항공사+주가,대한항공이 동남아 항공사 인천~LA 취항 추진…합병 부작용 지적,MCB TVCar,https://www.youtube.com/watch?v=Ey9wnBIWu3M,2022-09-12
493,450,10,0,1,항공사+주가,"&quot;제주항공 출자 논란, 항공시장 경쟁체제위해 제3항공사 설립지원 검토 필요&quot; 일간제주TV 제주장성철TV &#39;장성철의 제주읽기 6화 3부&quot;",제주장성철TV,https://www.youtube.com/watch?v=4-exiCcWNic,2022-11-13
494,582,23,0,,항공사+주가,"투자 전략- 해외 주식시장(미국, 중국, 홍콩), 장강실업, 윅스닷컴, 산업 분석(반도체, 항공운송), SKC, CJ대한통운, 롯데케미칼, KT, 한미약품, 오리온, 채권전략",투자로그인 - NH투자증권,https://www.youtube.com/watch?v=NgZj24B0gJg,2020-08-10
495,7,3,0,1,항공사+주가,"요약 경제 뉴스,2021년 2월 26일 금요일",모닝 10분 뉴스,https://www.youtube.com/watch?v=4Q_zz3IOuoA,2021-02-26
496,37,5,0,0,항공사+주가,155. 항공사와 기타,자한형,https://www.youtube.com/watch?v=YzJIrelDrn8,2020-03-30
497,13,,0,0,항공사+주가,[무료주 급등주 무료추천주] 급등예고 [제주은행] 여기서 상승 나와요!,MTNGOLD - 급등주 주포따라잡기,https://www.youtube.com/watch?v=8Ns5kZILNsM,2022-12-30
498,27,1,0,2,항공사+주가,"[한국경제] 헤지펀드매니저 애크먼,&quot;레스토랑주식이 인플레 방어막&quot; 김정아 기자",Economic news 읽어주는 여자 이코녀,https://www.youtube.com/watch?v=7CjJs2Gejb0,2022-08-23
499,50,1,0,2,항공사+주가,[한국경제] 7월 휘발유 소비량 작년보다 16% 늘어…항공유도 21% 증가 연합뉴스,Economic news 읽어주는 여자 이코녀,https://www.youtube.com/watch?v=mTatelhpN9U,2022-08-29
500,64,5,0,4,항공사+주가,[VLOG] (3) #220404 내년 여름을 기다리며 🌳☁️,Economic news 읽어주는 여자 이코녀,https://www.youtube.com/watch?v=yE5_cLTg67w,2022-04-04
501,11,3,0,2,항공사+주가,"[한국경제] 키방크, 애플 목표가 &#39;상향&#39;…아이폰 수요 정상화 엄수영 기자",Economic news 읽어주는 여자 이코녀,https://www.youtube.com/watch?v=4iSPwM02718,2022-08-19
502,42,5,0,2,항공사+주가,"[한국경제] 볼보, 8월 차 판매 4.6% 감소…코로나19 여파 엄수영 기자",Economic news 읽어주는 여자 이코녀,https://www.youtube.com/watch?v=L5oVMZ8_1eI,2022-09-04
503,4,2,0,2,항공사+주가,[The Korea Herald] Gangnam gets its first Imax screen By Hwang Dong-Hee,Economic news 읽어주는 여자 이코녀,https://www.youtube.com/watch?v=wx89IoL0Puo,2022-08-16
